MergeCell.png,137,80,78,71,13,10,26,10,0,0,0,13,73,72,68,82,0,0,0,32,0,0,0,32,8,6,0,0,0,115,122,122,244,0,0,0,1,115,82,71,66,0,174,206,28,233,0,0,0,4,103,65,77,65,0,0,177,143,11,252,97,5,0,0,0,9,112,72,89,115,0,0,14,195,0,0,14,195,1,199,111,168,100,0,0,0,113,73,68,65,84,88,71,237,142,49,10,192,48,12,196,242,196,190,37,223,207,224,226,161,29,92,21,10,9,151,14,119,32,8,34,24,181,136,216,10,74,37,40,149,160,84,114,63,122,239,161,4,3,234,200,209,190,254,187,230,128,255,6,40,193,128,186,116,199,24,203,113,128,3,94,3,8,58,48,75,222,197,128,58,7,56,64,30,64,208,129,89,242,46,6,212,57,192,1,242,0,37,143,128,93,160,84,130,82,9,74,29,209,78,151,247,140,41,80,98,116,177,0,0,0,0,73,69,78,68,174,66,96,130,,,,,,,,,,,,,,,,,,,,,,,,,,,,,,,,,,,,,,,,,,,,,,,,,,,,,,,,,,,,,,,,,,,,,,,,,,,,,,,,,,,,,,,,,,,,,,,,,,,,,,,,,,,,,,,,,,,,,,,,,,,,,,,,,,,,,,,,,,,,,,,,,,,,
MergeCell16.png,137,80,78,71,13,10,26,10,0,0,0,13,73,72,68,82,0,0,0,16,0,0,0,16,8,6,0,0,0,31,243,255,97,0,0,0,1,115,82,71,66,0,174,206,28,233,0,0,0,4,103,65,77,65,0,0,177,143,11,252,97,5,0,0,0,9,112,72,89,115,0,0,14,195,0,0,14,195,1,199,111,168,100,0,0,0,70,73,68,65,84,56,79,99,248,255,255,63,69,152,161,168,168,232,63,37,24,108,0,12,32,179,145,1,62,113,234,24,64,9,198,112,65,192,239,223,68,227,225,100,0,50,198,166,16,23,134,27,0,3,67,216,0,74,48,214,28,70,10,198,42,72,60,254,207,0,0,126,104,5,248,42,144,160,252,0,0,0,0,73,69,78,68,174,66,96,130,,,,,,,,,,,,,,,,,,,,,,,,,,,,,,,,,,,,,,,,,,,,,,,,,,,,,,,,,,,,,,,,,,,,,,,,,,,,,,,,,,,,,,,,,,,,,,,,,,,,,,,,,,,,,,,,,,,,,,,,,,,,,,,,,,,,,,,,,,,,,,,,,,,,,,,,,,,,,,,,,,,,,,,,,,,,,,,,,,,,,,,,,,,,,,,
MergeCell20.png,137,80,78,71,13,10,26,10,0,0,0,13,73,72,68,82,0,0,0,20,0,0,0,20,8,6,0,0,0,141,137,29,13,0,0,0,1,115,82,71,66,0,174,206,28,233,0,0,0,4,103,65,77,65,0,0,177,143,11,252,97,5,0,0,0,9,112,72,89,115,0,0,14,195,0,0,14,195,1,199,111,168,100,0,0,0,84,73,68,65,84,56,79,99,248,255,255,63,85,49,152,40,42,42,250,79,13,140,98,32,50,64,231,195,0,46,113,16,24,130,6,82,3,163,24,136,12,64,252,128,223,191,73,194,163,6,210,192,64,116,140,77,19,62,12,210,131,98,32,50,24,53,144,40,76,123,3,169,129,225,6,82,19,99,21,36,31,255,103,0,0,227,188,213,117,110,144,228,29,0,0,0,0,73,69,78,68,174,66,96,130,,,,,,,,,,,,,,,,,,,,,,,,,,,,,,,,,,,,,,,,,,,,,,,,,,,,,,,,,,,,,,,,,,,,,,,,,,,,,,,,,,,,,,,,,,,,,,,,,,,,,,,,,,,,,,,,,,,,,,,,,,,,,,,,,,,,,,,,,,,,,,,,,,,,,,,,,,,,,,,,,,,,,,,,,,,,,,,,,
ParseCell.png,137,80,78,71,13,10,26,10,0,0,0,13,73,72,68,82,0,0,0,32,0,0,0,32,8,6,0,0,0,115,122,122,244,0,0,0,1,115,82,71,66,0,174,206,28,233,0,0,0,4,103,65,77,65,0,0,177,143,11,252,97,5,0,0,0,9,112,72,89,115,0,0,14,195,0,0,14,195,1,199,111,168,100,0,0,0,114,73,68,65,84,88,71,237,143,49,10,192,48,12,196,242,196,190,37,223,207,224,146,161,29,92,25,10,41,151,14,119,32,8,34,131,220,34,98,43,40,149,160,84,130,82,201,253,232,189,135,18,12,200,35,71,123,251,239,154,3,254,27,160,4,3,242,166,59,198,248,28,7,56,160,12,80,130,1,121,211,209,5,171,56,192,1,101,128,18,12,200,155,142,46,88,197,1,14,40,3,148,60,2,118,129,82,9,74,37,40,117,68,59,1,62,239,100,201,4,220,84,156,0,0,0,0,73,69,78,68,174,66,96,130,,,,,,,,,,,,,,,,,,,,,,,,,,,,,,,,,,,,,,,,,,,,,,,,,,,,,,,,,,,,,,,,,,,,,,,,,,,,,,,,,,,,,,,,,,,,,,,,,,,,,,,,,,,,,,,,,,,,,,,,,,,,,,,,,,,,,,,,,,,,,,,,,,,
ParseCell16.png,137,80,78,71,13,10,26,10,0,0,0,13,73,72,68,82,0,0,0,16,0,0,0,16,8,6,0,0,0,31,243,255,97,0,0,0,1,115,82,71,66,0,174,206,28,233,0,0,0,4,103,65,77,65,0,0,177,143,11,252,97,5,0,0,0,9,112,72,89,115,0,0,14,195,0,0,14,195,1,199,111,168,100,0,0,0,62,73,68,65,84,56,79,99,248,255,255,63,69,152,161,168,168,232,63,37,24,108,0,12,32,179,145,1,62,113,234,24,64,9,198,112,65,192,239,223,68,99,234,25,64,9,30,245,194,160,240,2,208,98,138,48,86,65,226,241,127,6,0,183,165,237,251,78,52,39,96,0,0,0,0,73,69,78,68,174,66,96,130,,,,,,,,,,,,,,,,,,,,,,,,,,,,,,,,,,,,,,,,,,,,,,,,,,,,,,,,,,,,,,,,,,,,,,,,,,,,,,,,,,,,,,,,,,,,,,,,,,,,,,,,,,,,,,,,,,,,,,,,,,,,,,,,,,,,,,,,,,,,,,,,,,,,,,,,,,,,,,,,,,,,,,,,,,,,,,,,,,,,,,,,,,,,,,,,,,,,,,,
ParseCell20.png,137,80,78,71,13,10,26,10,0,0,0,13,73,72,68,82,0,0,0,20,0,0,0,20,8,6,0,0,0,141,137,29,13,0,0,0,1,115,82,71,66,0,174,206,28,233,0,0,0,4,103,65,77,65,0,0,177,143,11,252,97,5,0,0,0,9,112,72,89,115,0,0,14,195,0,0,14,195,1,199,111,168,100,0,0,0,87,73,68,65,84,56,79,213,142,65,10,0,32,8,4,123,98,111,241,251,29,54,12,10,13,11,138,189,56,48,193,122,24,42,0,168,142,71,68,192,208,5,45,251,158,156,238,74,194,32,67,23,180,232,174,173,61,153,48,200,208,5,45,186,163,95,220,76,24,100,232,130,22,221,209,47,110,38,12,50,92,65,166,225,241,95,148,14,60,182,186,0,86,237,86,80,0,0,0,0,73,69,78,68,174,66,96,130,,,,,,,,,,,,,,,,,,,,,,,,,,,,,,,,,,,,,,,,,,,,,,,,,,,,,,,,,,,,,,,,,,,,,,,,,,,,,,,,,,,,,,,,,,,,,,,,,,,,,,,,,,,,,,,,,,,,,,,,,,,,,,,,,,,,,,,,,,,,,,,,,,,,,,,,,,,,,,,,,,,,,,,,,,,,,,
MergeCellsAsColumn.png,137,80,78,71,13,10,26,10,0,0,0,13,73,72,68,82,0,0,0,32,0,0,0,32,8,6,0,0,0,115,122,122,244,0,0,0,1,115,82,71,66,0,174,206,28,233,0,0,0,4,103,65,77,65,0,0,177,143,11,252,97,5,0,0,0,9,112,72,89,115,0,0,14,195,0,0,14,195,1,199,111,168,100,0,0,0,183,73,68,65,84,88,71,237,146,209,10,130,64,16,69,253,193,254,105,233,163,194,127,200,158,124,203,130,40,48,72,124,240,11,166,70,103,116,87,22,73,172,43,200,92,56,32,23,214,123,88,77,136,104,85,162,37,146,254,193,57,71,40,116,147,9,4,230,102,193,25,19,48,129,184,0,10,221,100,2,1,68,76,96,251,2,151,178,161,221,62,109,185,62,27,105,135,64,110,192,151,200,138,74,218,46,16,1,142,47,145,158,30,210,126,41,160,7,127,73,126,171,219,119,195,110,128,191,191,142,31,178,187,180,32,1,127,252,120,126,73,219,229,239,2,254,120,241,249,15,198,129,220,192,84,76,96,82,0,133,110,50,129,192,220,44,56,99,2,38,16,23,64,161,155,76,255,176,22,209,18,7,37,111,106,86,185,223,196,1,79,113,0,0,0,0,73,69,78,68,174,66,96,130,,,,,,,,,,,,,,,,,,,,,,,,,,,,,,,,,,,,,,,,,,,,,,,,,,,,,,,,,,,,,,,,,,,,,,,,,,,,,,
MergeCellsAsColumn16.png,137,80,78,71,13,10,26,10,0,0,0,13,73,72,68,82,0,0,0,16,0,0,0,16,8,6,0,0,0,31,243,255,97,0,0,0,1,115,82,71,66,0,174,206,28,233,0,0,0,4,103,65,77,65,0,0,177,143,11,252,97,5,0,0,0,9,112,72,89,115,0,0,14,195,0,0,14,195,1,199,111,168,100,0,0,0,87,73,68,65,84,56,79,173,142,81,10,0,33,8,5,61,95,199,241,127,15,181,39,172,20,54,202,112,209,135,3,211,143,54,72,204,220,81,39,164,1,143,192,172,40,128,186,2,8,169,64,123,94,117,39,125,129,141,92,129,111,33,162,80,127,193,31,246,179,144,190,192,114,4,80,87,192,35,48,43,10,160,106,64,30,220,78,3,207,186,50,84,38,20,79,192,0,0,0,0,73,69,78,68,174,66,96,130,,,,,,,,,,,,,,,,,,,,,,,,,,,,,,,,,,,,,,,,,,,,,,,,,,,,,,,,,,,,,,,,,,,,,,,,,,,,,,,,,,,,,,,,,,,,,,,,,,,,,,,,,,,,,,,,,,,,,,,,,,,,,,,,,,,,,,,,,,,,,,,,,,,,,,,,,,,,,,,,,,,,,,,,,,,,,,
MergeCellsAsColumn20.png,137,80,78,71,13,10,26,10,0,0,0,13,73,72,68,82,0,0,0,20,0,0,0,20,8,6,0,0,0,141,137,29,13,0,0,0,1,115,82,71,66,0,174,206,28,233,0,0,0,4,103,65,77,65,0,0,177,143,11,252,97,5,0,0,0,9,112,72,89,115,0,0,14,195,0,0,14,195,1,199,111,168,100,0,0,0,94,73,68,65,84,56,79,213,142,193,9,0,33,12,4,173,239,202,201,223,162,174,194,21,5,31,103,150,16,92,57,112,96,124,36,56,164,0,56,234,120,204,12,170,46,24,145,220,223,22,84,117,65,133,237,224,83,223,225,138,116,33,139,134,193,249,33,227,228,223,11,35,88,172,35,93,200,160,65,85,23,140,72,238,111,11,170,126,130,39,165,195,125,81,26,15,173,9,96,34,135,84,12,0,0,0,0,73,69,78,68,174,66,96,130,,,,,,,,,,,,,,,,,,,,,,,,,,,,,,,,,,,,,,,,,,,,,,,,,,,,,,,,,,,,,,,,,,,,,,,,,,,,,,,,,,,,,,,,,,,,,,,,,,,,,,,,,,,,,,,,,,,,,,,,,,,,,,,,,,,,,,,,,,,,,,,,,,,,,,,,,,,,,,,,,,,,,,,
MergeCellsAsRow.png,137,80,78,71,13,10,26,10,0,0,0,13,73,72,68,82,0,0,0,32,0,0,0,32,8,6,0,0,0,115,122,122,244,0,0,0,1,115,82,71,66,0,174,206,28,233,0,0,0,4,103,65,77,65,0,0,177,143,11,252,97,5,0,0,0,9,112,72,89,115,0,0,14,195,0,0,14,195,1,199,111,168,100,0,0,0,189,73,68,65,84,88,71,237,146,65,10,194,64,12,69,123,65,239,52,244,80,210,59,216,174,220,89,5,81,80,80,92,120,130,209,72,98,103,152,132,214,69,82,212,60,248,52,252,129,201,163,109,21,99,156,53,108,105,153,247,16,66,136,150,97,5,56,164,126,10,35,119,254,128,192,162,110,112,226,113,1,23,112,1,23,248,62,1,41,18,83,4,164,60,41,5,56,164,30,240,127,224,63,5,118,231,59,78,185,192,246,52,244,132,138,0,44,37,9,18,128,229,220,219,80,19,32,9,120,210,114,51,129,62,89,152,38,253,52,132,138,0,176,218,92,178,229,109,127,197,147,28,53,1,96,217,30,94,203,155,238,136,77,137,170,0,176,222,223,112,226,81,23,24,227,99,1,203,20,2,115,133,45,45,195,150,118,137,213,3,56,19,185,223,47,80,184,179,0,0,0,0,73,69,78,68,174,66,96,130,,,,,,,,,,,,,,,,,,,,,,,,,,,,,,,,,,,,,,,,,,,,,,,,,,,,,,,,,,,,,,,,,,,,,,,,
MergeCellsAsRow16.png,137,80,78,71,13,10,26,10,0,0,0,13,73,72,68,82,0,0,0,16,0,0,0,16,8,6,0,0,0,31,243,255,97,0,0,0,1,115,82,71,66,0,174,206,28,233,0,0,0,4,103,65,77,65,0,0,177,143,11,252,97,5,0,0,0,9,112,72,89,115,0,0,14,195,0,0,14,195,1,199,111,168,100,0,0,0,91,73,68,65,84,56,79,99,40,42,42,250,79,46,6,2,6,176,1,48,128,204,198,6,176,168,197,111,128,87,237,70,40,11,2,70,13,192,99,0,50,70,6,216,12,64,83,75,35,47,192,52,162,211,36,25,128,142,65,128,104,3,64,0,93,51,8,144,100,0,8,32,107,6,1,146,13,64,7,56,13,32,23,131,13,0,17,228,227,255,12,0,128,217,50,84,231,51,33,32,0,0,0,0,73,69,78,68,174,66,96,130,,,,,,,,,,,,,,,,,,,,,,,,,,,,,,,,,,,,,,,,,,,,,,,,,,,,,,,,,,,,,,,,,,,,,,,,,,,,,,,,,,,,,,,,,,,,,,,,,,,,,,,,,,,,,,,,,,,,,,,,,,,,,,,,,,,,,,,,,,,,,,,,,,,,,,,,,,,,,,,,,,,,,,,,,,
MergeCellsAsRow20.png,137,80,78,71,13,10,26,10,0,0,0,13,73,72,68,82,0,0,0,20,0,0,0,20,8,6,0,0,0,141,137,29,13,0,0,0,1,115,82,71,66,0,174,206,28,233,0,0,0,4,103,65,77,65,0,0,177,143,11,252,97,5,0,0,0,9,112,72,89,115,0,0,14,195,0,0,14,195,1,199,111,168,100,0,0,0,100,73,68,65,84,56,79,237,142,201,13,128,48,12,4,83,31,229,248,79,81,84,104,180,64,36,179,49,159,108,32,31,70,154,92,178,70,41,238,62,212,99,49,51,87,109,130,17,190,51,15,243,19,131,203,186,93,167,147,63,248,81,144,141,100,193,100,254,229,31,70,234,189,134,120,151,130,44,232,14,2,142,1,41,8,98,12,200,65,102,78,80,245,22,28,105,250,216,175,151,29,8,106,9,96,175,11,46,177,0,0,0,0,73,69,78,68,174,66,96,130,,,,,,,,,,,,,,,,,,,,,,,,,,,,,,,,,,,,,,,,,,,,,,,,,,,,,,,,,,,,,,,,,,,,,,,,,,,,,,,,,,,,,,,,,,,,,,,,,,,,,,,,,,,,,,,,,,,,,,,,,,,,,,,,,,,,,,,,,,,,,,,,,,,,,,,,,,,,,,,,,
AutoColFit.png,137,80,78,71,13,10,26,10,0,0,0,13,73,72,68,82,0,0,0,32,0,0,0,32,8,6,0,0,0,115,122,122,244,0,0,0,1,115,82,71,66,0,174,206,28,233,0,0,0,4,103,65,77,65,0,0,177,143,11,252,97,5,0,0,0,9,112,72,89,115,0,0,14,195,0,0,14,195,1,199,111,168,100,0,0,0,209,73,68,65,84,88,71,237,148,209,13,195,32,12,68,51,89,59,65,103,65,108,128,186,18,63,221,169,67,208,248,195,149,177,206,64,69,33,124,128,244,20,124,54,186,19,138,56,82,74,151,2,197,153,64,209,194,123,255,62,185,163,30,65,61,154,65,61,139,172,8,33,156,159,124,64,194,6,40,68,169,39,209,30,197,38,2,25,33,205,162,59,0,33,13,229,30,205,106,254,18,128,16,198,205,230,68,53,128,133,158,225,218,210,185,70,240,12,241,221,16,186,89,194,57,119,27,114,3,178,182,16,230,243,255,1,105,206,218,47,33,186,2,32,115,166,53,68,49,64,141,154,1,135,64,61,11,40,206,36,43,30,207,87,154,129,244,220,1,118,128,181,2,208,35,17,99,28,74,203,75,152,45,58,164,87,143,182,3,172,31,128,14,141,100,253,27,208,107,7,152,26,224,10,160,56,143,116,124,0,188,149,252,246,144,99,51,111,0,0,0,0,73,69,78,68,174,66,96,130,,,,,,,,,,,,,,,,,,,,,,,,,,,,,,,,,,,,,,,,,,,,,,,,,,,,
AutoColFit16.png,137,80,78,71,13,10,26,10,0,0,0,13,73,72,68,82,0,0,0,16,0,0,0,16,8,6,0,0,0,31,243,255,97,0,0,0,1,115,82,71,66,0,174,206,28,233,0,0,0,4,103,65,77,65,0,0,177,143,11,252,97,5,0,0,0,9,112,72,89,115,0,0,14,195,0,0,14,195,1,199,111,168,100,0,0,0,153,73,68,65,84,56,79,99,248,255,255,63,209,56,52,52,148,25,93,140,161,168,168,8,72,163,10,230,229,229,25,23,22,22,62,47,40,40,8,201,207,207,87,7,177,129,116,2,186,58,144,94,172,6,128,48,212,144,213,64,67,210,176,105,6,97,184,1,200,24,38,1,83,4,195,200,114,200,24,171,98,16,6,185,0,104,251,58,162,92,128,46,1,117,254,43,80,24,228,230,230,106,225,13,3,116,65,124,24,107,44,120,213,110,252,79,9,30,4,6,128,2,98,243,230,205,100,97,228,88,64,1,32,73,116,128,77,140,122,6,128,36,201,193,212,113,1,144,166,0,255,103,0,0,22,99,220,127,212,44,2,109,0,0,0,0,73,69,78,68,174,66,96,130,,,,,,,,,,,,,,,,,,,,,,,,,,,,,,,,,,,,,,,,,,,,,,,,,,,,,,,,,,,,,,,,,,,,,,,,,,,,,,,,,,,,,,,,,,,,,,,,,,,,,,,,,,,,
AutoColFit20.png,137,80,78,71,13,10,26,10,0,0,0,13,73,72,68,82,0,0,0,20,0,0,0,20,8,6,0,0,0,141,137,29,13,0,0,0,1,115,82,71,66,0,174,206,28,233,0,0,0,4,103,65,77,65,0,0,177,143,11,252,97,5,0,0,0,9,112,72,89,115,0,0,14,195,0,0,14,195,1,199,111,168,100,0,0,0,199,73,68,65,84,56,79,99,248,255,255,63,85,49,86,65,16,206,205,205,229,43,44,44,60,12,196,186,48,49,32,91,31,136,55,133,134,134,50,35,171,69,198,96,162,168,168,8,72,97,74,22,20,20,164,0,13,120,13,164,157,242,243,243,237,128,236,87,64,28,129,77,45,204,12,20,14,54,156,151,151,231,12,52,112,13,208,160,21,64,67,253,176,169,1,97,12,3,209,49,178,34,100,140,44,135,142,65,226,40,138,176,97,36,23,46,3,210,190,216,212,128,48,81,6,34,135,33,208,96,27,32,251,37,81,97,136,13,99,139,101,160,193,218,64,254,110,130,177,76,77,12,38,188,106,55,254,167,6,30,201,6,130,162,124,243,230,205,20,97,108,233,16,3,128,20,162,3,108,98,32,64,123,3,65,10,41,193,180,119,33,54,64,182,129,212,195,255,25,0,218,6,132,77,175,190,68,18,0,0,0,0,73,69,78,68,174,66,96,130,,,,,,,,,,,,,,,,,,,,,,,,,,,,,,,,,,,,,,,,,,,,,,,,,,,,,,,,,,,,,,
AutoRowFit.png,137,80,78,71,13,10,26,10,0,0,0,13,73,72,68,82,0,0,0,32,0,0,0,32,8,6,0,0,0,115,122,122,244,0,0,0,1,115,82,71,66,0,174,206,28,233,0,0,0,4,103,65,77,65,0,0,177,143,11,252,97,5,0,0,0,9,112,72,89,115,0,0,14,195,0,0,14,195,1,199,111,168,100,0,0,1,3,73,68,65,84,88,71,237,149,209,9,195,48,12,68,51,89,59,65,103,9,217,192,116,165,252,116,167,14,225,250,74,228,74,226,74,21,55,56,180,228,224,129,36,27,221,65,18,50,228,156,119,133,14,123,66,135,61,169,69,74,41,71,184,92,111,148,53,123,228,46,168,69,193,104,158,231,165,122,9,51,102,14,138,244,174,138,55,244,232,198,232,8,208,61,0,150,71,96,230,64,246,120,142,71,240,9,221,24,181,4,152,166,233,94,56,163,126,7,206,113,79,122,125,104,212,24,224,185,92,135,208,143,128,157,139,249,102,47,161,55,145,0,126,46,212,162,96,4,51,175,72,0,224,205,124,175,209,141,209,55,1,128,152,46,53,53,7,186,49,250,233,0,98,62,142,227,73,247,44,68,45,176,60,2,51,7,178,199,155,119,125,9,189,57,8,127,134,5,163,198,0,198,156,33,33,164,215,135,70,45,1,90,208,141,209,86,1,194,63,35,44,143,192,204,129,236,241,132,3,20,140,96,230,117,4,248,239,0,184,24,129,153,131,53,123,228,46,168,197,94,208,97,79,232,176,31,121,120,0,162,210,252,246,251,253,148,87,0,0,0,0,73,69,78,68,174,66,96,130,,
AutoRowFit16.png,137,80,78,71,13,10,26,10,0,0,0,13,73,72,68,82,0,0,0,16,0,0,0,16,8,6,0,0,0,31,243,255,97,0,0,0,1,115,82,71,66,0,174,206,28,233,0,0,0,4,103,65,77,65,0,0,177,143,11,252,97,5,0,0,0,9,112,72,89,115,0,0,14,195,0,0,14,195,1,199,111,168,100,0,0,0,179,73,68,65,84,56,79,213,146,77,10,194,48,16,133,3,30,70,112,235,45,92,155,189,43,119,105,126,246,158,72,16,164,135,18,188,68,157,47,50,165,29,2,205,82,7,190,204,155,33,239,145,138,174,148,50,89,78,183,231,140,84,243,14,123,224,152,198,113,164,213,66,219,0,101,105,84,56,254,40,160,133,195,96,177,1,195,48,28,233,250,2,157,129,163,154,180,90,1,57,231,183,154,232,50,191,208,208,21,144,82,58,11,15,180,152,239,204,104,232,10,8,33,28,196,116,69,211,99,140,123,52,116,5,240,100,49,93,208,244,213,39,96,176,216,0,53,235,143,168,51,108,190,192,123,191,147,117,189,188,68,247,155,1,82,179,233,71,255,202,44,45,54,160,117,231,27,48,185,15,5,1,220,127,34,101,52,23,0,0,0,0,73,69,78,68,174,66,96,130,,,,,,,,,,,,,,,,,,,,,,,,,,,,,,,,,,,,,,,,,,,,,,,,,,,,,,,,,,,,,,,,,,,,,,,,,,,,,,,,,,
AutoRowFit20.png,137,80,78,71,13,10,26,10,0,0,0,13,73,72,68,82,0,0,0,20,0,0,0,20,8,6,0,0,0,141,137,29,13,0,0,0,1,115,82,71,66,0,174,206,28,233,0,0,0,4,103,65,77,65,0,0,177,143,11,252,97,5,0,0,0,9,112,72,89,115,0,0,14,195,0,0,14,195,1,199,111,168,100,0,0,0,232,73,68,65,84,56,79,237,147,61,10,194,80,16,132,5,123,47,34,226,5,196,66,59,65,187,128,7,176,205,111,239,117,196,34,141,166,180,244,52,234,33,158,51,207,140,196,176,17,35,233,116,225,203,238,236,190,55,89,8,233,57,231,58,197,63,178,44,115,22,139,237,225,5,93,178,206,106,38,103,31,69,81,148,213,163,110,50,20,85,35,161,194,199,223,208,52,12,195,112,192,92,71,125,47,120,217,194,50,76,211,244,156,36,201,134,181,54,164,102,159,181,222,224,131,38,138,55,134,35,112,139,162,104,78,205,76,205,62,117,107,67,130,141,102,32,47,235,156,90,179,175,12,177,213,4,27,237,88,35,239,227,56,158,106,214,218,16,219,12,97,114,65,94,82,195,108,5,125,5,99,106,111,200,203,22,150,33,46,158,192,154,181,62,10,53,56,178,110,189,97,16,4,125,230,58,234,171,225,227,19,195,42,63,242,235,85,105,52,228,192,162,201,208,58,171,217,211,185,27,92,239,14,82,81,132,77,192,248,252,104,0,0,0,0,73,69,78,68,174,66,96,130,,,,,,,,,,,,,,,,,,,,,,,,,,,,,
SplitColumn.png,137,80,78,71,13,10,26,10,0,0,0,13,73,72,68,82,0,0,0,32,0,0,0,32,8,6,0,0,0,115,122,122,244,0,0,0,1,115,82,71,66,0,174,206,28,233,0,0,0,4,103,65,77,65,0,0,177,143,11,252,97,5,0,0,0,9,112,72,89,115,0,0,14,195,0,0,14,195,1,199,111,168,100,0,0,0,154,73,68,65,84,88,71,237,214,49,14,128,32,16,68,81,99,60,160,135,242,214,22,200,22,70,179,126,96,163,102,104,40,94,220,140,194,78,233,148,82,234,10,67,165,107,200,163,18,22,88,247,93,98,20,24,5,138,5,148,30,5,122,193,80,9,67,37,12,149,48,140,90,230,45,63,248,93,20,134,119,182,228,45,127,23,193,144,208,130,18,127,182,6,195,18,90,230,249,51,45,24,214,208,210,147,255,54,2,195,150,191,150,27,12,35,254,88,110,48,140,250,186,220,96,168,132,161,210,53,228,81,9,11,208,207,67,205,155,51,102,20,24,5,138,5,148,30,5,122,193,80,39,77,7,114,29,223,209,103,33,86,171,0,0,0,0,73,69,78,68,174,66,96,130,,,,,,,,,,,,,,,,,,,,,,,,,,,,,,,,,,,,,,,,,,,,,,,,,,,,,,,,,,,,,,,,,,,,,,,,,,,,,,,,,,,,,,,,,,,,,,,,,,,,,,,,,,,
SplitColumn16.png,137,80,78,71,13,10,26,10,0,0,0,13,73,72,68,82,0,0,0,16,0,0,0,16,8,6,0,0,0,31,243,255,97,0,0,0,1,115,82,71,66,0,174,206,28,233,0,0,0,4,103,65,77,65,0,0,177,143,11,252,97,5,0,0,0,9,112,72,89,115,0,0,14,195,0,0,14,195,1,199,111,168,100,0,0,0,92,73,68,65,84,56,79,205,210,65,14,64,17,12,4,80,17,7,116,40,183,182,168,153,159,212,66,38,65,255,70,147,135,12,237,74,66,89,20,10,27,14,181,247,107,143,13,136,250,6,112,249,67,134,174,228,134,77,223,57,25,178,113,181,190,113,50,164,147,102,146,161,219,53,147,12,111,176,184,134,204,1,234,163,208,238,238,161,1,81,102,150,6,215,14,110,69,242,40,214,242,0,0,0,0,73,69,78,68,174,66,96,130,,,,,,,,,,,,,,,,,,,,,,,,,,,,,,,,,,,,,,,,,,,,,,,,,,,,,,,,,,,,,,,,,,,,,,,,,,,,,,,,,,,,,,,,,,,,,,,,,,,,,,,,,,,,,,,,,,,,,,,,,,,,,,,,,,,,,,,,,,,,,,,,,,,,,,,,,,,,,,,,,,,,,,,,,
SplitColumn20.png,137,80,78,71,13,10,26,10,0,0,0,13,73,72,68,82,0,0,0,20,0,0,0,20,8,6,0,0,0,141,137,29,13,0,0,0,1,115,82,71,66,0,174,206,28,233,0,0,0,4,103,65,77,65,0,0,177,143,11,252,97,5,0,0,0,9,112,72,89,115,0,0,14,195,0,0,14,195,1,199,111,168,100,0,0,0,106,73,68,65,84,56,79,213,211,65,10,192,32,12,68,81,41,61,96,15,213,91,187,136,9,34,104,156,130,118,178,113,241,20,198,242,119,77,34,18,170,30,122,177,166,224,147,243,111,135,6,89,67,48,18,28,25,112,244,238,235,213,11,191,121,112,52,22,249,226,191,237,193,177,217,141,25,56,246,118,98,6,142,222,106,204,192,145,81,15,189,88,83,16,253,82,205,202,251,129,65,214,16,140,35,169,0,253,184,5,247,74,103,243,211,0,0,0,0,73,69,78,68,174,66,96,130,,,,,,,,,,,,,,,,,,,,,,,,,,,,,,,,,,,,,,,,,,,,,,,,,,,,,,,,,,,,,,,,,,,,,,,,,,,,,,,,,,,,,,,,,,,,,,,,,,,,,,,,,,,,,,,,,,,,,,,,,,,,,,,,,,,,,,,,,,,,,,,,,,,,,,,,,,,
SplitRow.png,137,80,78,71,13,10,26,10,0,0,0,13,73,72,68,82,0,0,0,32,0,0,0,32,8,6,0,0,0,115,122,122,244,0,0,0,1,115,82,71,66,0,174,206,28,233,0,0,0,4,103,65,77,65,0,0,177,143,11,252,97,5,0,0,0,9,112,72,89,115,0,0,14,195,0,0,14,195,1,199,111,168,100,0,0,0,224,73,68,65,84,88,71,205,142,49,14,194,48,16,4,35,196,3,121,20,191,78,225,228,138,51,139,99,227,157,38,166,24,17,89,195,220,110,165,148,165,116,31,239,228,243,113,126,142,72,135,210,118,148,234,168,252,218,247,11,42,83,156,38,146,41,78,19,201,20,167,137,100,138,211,68,50,197,105,34,153,226,52,145,172,60,31,239,243,231,250,174,56,77,36,43,127,49,96,54,194,105,34,89,201,1,191,70,56,77,36,43,58,96,52,194,105,34,89,105,7,244,70,56,77,36,43,189,1,129,58,78,19,201,73,239,176,146,94,252,119,68,117,84,118,7,4,189,195,129,58,78,19,201,202,236,120,224,52,145,172,204,142,7,78,19,201,202,236,120,224,52,145,172,204,142,7,78,19,201,202,236,120,224,52,145,172,44,31,224,224,52,145,76,113,154,72,166,56,77,36,83,156,38,146,41,78,243,75,30,145,14,165,237,40,213,201,143,85,116,31,239,163,108,7,57,61,223,209,114,118,211,12,0,0,0,0,73,69,78,68,174,66,96,130,,,,,,,,,,,,,,,,,,,,,,,,,,,,,,,,,,,,,
SplitRow16.png,137,80,78,71,13,10,26,10,0,0,0,13,73,72,68,82,0,0,0,16,0,0,0,16,8,6,0,0,0,31,243,255,97,0,0,0,1,115,82,71,66,0,174,206,28,233,0,0,0,4,103,65,77,65,0,0,177,143,11,252,97,5,0,0,0,9,112,72,89,115,0,0,14,195,0,0,14,195,1,199,111,168,100,0,0,0,123,73,68,65,84,56,79,181,142,65,10,128,48,16,196,22,241,129,62,202,95,247,80,187,165,83,150,49,7,47,22,34,58,36,197,24,167,59,227,228,227,133,123,139,232,87,107,155,252,246,80,144,139,163,135,130,92,28,61,20,228,226,232,161,32,23,71,5,231,113,239,247,132,92,28,21,228,5,245,18,114,113,172,113,189,100,5,206,79,127,144,212,56,33,23,199,26,85,200,197,209,67,65,46,142,30,10,114,113,244,80,144,59,71,199,67,225,222,132,196,239,244,120,0,57,11,110,69,22,249,30,193,0,0,0,0,73,69,78,68,174,66,96,130,,,,,,,,,,,,,,,,,,,,,,,,,,,,,,,,,,,,,,,,,,,,,,,,,,,,,,,,,,,,,,,,,,,,,,,,,,,,,,,,,,,,,,,,,,,,,,,,,,,,,,,,,,,,,,,,,,,,,,,,,,,,,,,,,,,,,,,,,,
SplitRow20.png,137,80,78,71,13,10,26,10,0,0,0,13,73,72,68,82,0,0,0,20,0,0,0,20,8,6,0,0,0,141,137,29,13,0,0,0,1,115,82,71,66,0,174,206,28,233,0,0,0,4,103,65,77,65,0,0,177,143,11,252,97,5,0,0,0,9,112,72,89,115,0,0,14,195,0,0,14,195,1,199,111,168,100,0,0,0,144,73,68,65,84,56,79,173,140,65,14,131,64,16,195,80,197,3,251,168,254,154,195,66,22,13,26,34,226,67,197,193,173,24,175,179,140,49,94,229,252,57,254,156,254,232,9,127,47,230,189,228,119,219,46,74,18,169,65,73,164,6,37,145,26,148,68,106,80,22,235,231,119,251,22,169,65,89,104,208,71,83,131,178,168,193,62,154,26,148,162,143,245,81,189,113,230,189,100,26,20,62,38,82,131,178,240,49,145,26,148,133,143,137,212,160,36,82,131,146,72,13,74,34,53,40,137,212,92,210,209,157,240,247,98,222,251,163,55,120,60,254,207,88,118,199,62,5,247,100,76,236,92,0,0,0,0,73,69,78,68,174,66,96,130,,,,,,,,,,,,,,,,,,,,,,,,,,,,,,,,,,,,,,,,,,,,,,,,,,,,,,,,,,,,,,,,,,,,,,,,,,,,,,,,,,,,,,,,,,,,,,,,,,,,,,,,,,,,,,,,,,,,,
EraseColumn.png,137,80,78,71,13,10,26,10,0,0,0,13,73,72,68,82,0,0,0,32,0,0,0,32,8,6,0,0,0,115,122,122,244,0,0,0,1,115,82,71,66,0,174,206,28,233,0,0,0,4,103,65,77,65,0,0,177,143,11,252,97,5,0,0,0,9,112,72,89,115,0,0,14,195,0,0,14,195,1,199,111,168,100,0,0,0,162,73,68,65,84,88,71,237,206,81,10,131,48,16,132,97,17,15,216,67,245,214,62,196,108,161,85,214,63,201,82,195,228,37,194,135,203,104,178,179,164,148,134,194,80,233,28,242,168,132,5,90,143,253,243,218,247,170,232,61,246,250,140,191,97,22,152,5,242,168,116,43,48,10,134,74,24,42,97,168,132,97,212,182,190,243,139,191,69,97,120,101,75,254,229,239,34,24,18,90,80,226,207,214,96,88,66,203,60,127,166,5,195,26,90,250,229,255,141,192,176,165,215,114,131,97,68,143,229,6,195,168,167,203,13,134,74,24,42,157,67,30,149,176,64,143,39,114,207,44,48,11,20,11,40,221,10,140,130,161,78,90,14,68,160,91,175,222,114,167,60,0,0,0,0,73,69,78,68,174,66,96,130,,,,,,,,,,,,,,,,,,,,,,,,,,,,,,,,,,,,,,,,,,,,,,,,,,,,,,,,,,,,,,,,,,,,,,,,,,,,,,,,,,,,,,,,,,,,,,,,,,,
EraseColumn16.png,137,80,78,71,13,10,26,10,0,0,0,13,73,72,68,82,0,0,0,16,0,0,0,16,8,6,0,0,0,31,243,255,97,0,0,0,1,115,82,71,66,0,174,206,28,233,0,0,0,4,103,65,77,65,0,0,177,143,11,252,97,5,0,0,0,9,112,72,89,115,0,0,14,195,0,0,14,195,1,199,111,168,100,0,0,0,87,73,68,65,84,56,79,205,204,49,14,192,32,12,3,64,63,145,39,241,111,134,16,15,25,136,140,160,205,66,164,43,146,155,24,62,86,4,203,195,172,141,177,216,237,61,82,80,194,162,10,25,6,160,251,163,255,5,29,250,97,150,119,130,12,233,230,152,100,24,78,199,36,195,47,56,252,86,176,232,60,106,239,161,130,255,96,19,131,130,134,254,86,102,242,160,0,0,0,0,73,69,78,68,174,66,96,130,,,,,,,,,,,,,,,,,,,,,,,,,,,,,,,,,,,,,,,,,,,,,,,,,,,,,,,,,,,,,,,,,,,,,,,,,,,,,,,,,,,,,,,,,,,,,,,,,,,,,,,,,,,,,,,,,,,,,,,,,,,,,,,,,,,,,,,,,,,,,,,,,,,,,,,,,,,,,,,,,,,,,,,,,,,,,,
EraseColumn20.png,137,80,78,71,13,10,26,10,0,0,0,13,73,72,68,82,0,0,0,20,0,0,0,20,8,6,0,0,0,141,137,29,13,0,0,0,1,115,82,71,66,0,174,206,28,233,0,0,0,4,103,65,77,65,0,0,177,143,11,252,97,5,0,0,0,9,112,72,89,115,0,0,14,195,0,0,14,195,1,199,111,168,100,0,0,0,110,73,68,65,84,56,79,213,204,81,10,192,32,12,3,80,25,59,224,14,181,91,251,209,181,147,137,45,113,40,230,71,225,89,137,37,73,68,168,202,165,131,193,21,162,99,249,149,179,243,183,251,142,242,222,161,144,161,22,50,193,112,5,12,163,243,184,117,224,191,8,134,198,74,122,226,110,11,134,159,217,50,3,195,214,76,153,129,97,52,90,102,96,184,162,92,58,24,92,225,232,233,237,110,88,200,80,11,121,36,61,34,98,39,168,232,74,254,207,0,0,0,0,73,69,78,68,174,66,96,130,,,,,,,,,,,,,,,,,,,,,,,,,,,,,,,,,,,,,,,,,,,,,,,,,,,,,,,,,,,,,,,,,,,,,,,,,,,,,,,,,,,,,,,,,,,,,,,,,,,,,,,,,,,,,,,,,,,,,,,,,,,,,,,,,,,,,,,,,,,,,,,,,,,,,,,
EraseRow.png,137,80,78,71,13,10,26,10,0,0,0,13,73,72,68,82,0,0,0,32,0,0,0,32,8,6,0,0,0,115,122,122,244,0,0,0,1,115,82,71,66,0,174,206,28,233,0,0,0,4,103,65,77,65,0,0,177,143,11,252,97,5,0,0,0,9,112,72,89,115,0,0,14,195,0,0,14,195,1,199,111,168,100,0,0,1,5,73,68,65,84,88,71,213,144,81,14,194,48,12,67,39,196,1,57,20,183,222,199,88,33,25,78,211,82,155,73,27,68,122,108,234,94,92,139,105,89,150,83,105,30,30,201,251,101,125,237,225,142,74,157,131,108,14,202,173,65,89,133,201,148,100,21,38,83,146,85,152,76,73,86,97,50,37,89,133,201,148,100,228,122,185,175,143,124,142,48,153,146,140,252,68,129,81,9,38,51,200,61,220,65,188,192,167,18,182,155,6,51,131,124,155,231,4,202,8,22,232,149,176,221,52,152,25,228,61,5,90,37,108,55,13,102,6,121,111,129,2,58,182,155,6,51,131,204,22,104,93,140,184,103,187,105,48,243,249,243,58,251,163,127,160,48,186,188,96,187,105,48,51,200,123,10,212,223,11,182,155,6,51,131,252,109,129,250,155,99,187,105,48,51,200,61,220,65,70,151,23,234,28,100,115,80,110,13,202,200,232,242,2,147,41,201,200,233,5,24,152,76,73,86,97,50,37,89,133,201,148,100,21,38,83,146,85,152,76,73,86,97,50,131,220,195,29,149,58,7,217,28,127,57,139,230,225,113,44,211,3,100,34,91,175,116,117,3,43,0,0,0,0,73,69,78,68,174,66,96,130
EraseRow16.png,137,80,78,71,13,10,26,10,0,0,0,13,73,72,68,82,0,0,0,16,0,0,0,16,8,6,0,0,0,31,243,255,97,0,0,0,1,115,82,71,66,0,174,206,28,233,0,0,0,4,103,65,77,65,0,0,177,143,11,252,97,5,0,0,0,9,112,72,89,115,0,0,14,195,0,0,14,195,1,199,111,168,100,0,0,0,140,73,68,65,84,56,79,165,144,81,14,128,48,8,67,119,68,143,228,189,247,49,237,96,108,195,103,98,34,201,19,105,11,49,150,187,90,230,46,61,30,228,156,35,111,150,207,219,226,128,178,40,170,17,148,69,81,141,160,44,138,106,4,101,187,152,145,103,254,25,239,54,191,28,56,106,13,60,20,7,214,35,238,69,105,238,34,29,24,203,235,17,247,162,52,119,145,14,152,255,227,11,204,255,248,15,50,242,136,156,115,228,205,242,121,91,28,80,22,69,53,130,178,40,170,17,148,69,81,141,160,108,23,51,242,136,156,43,165,180,11,109,205,134,254,58,45,78,182,0,0,0,0,73,69,78,68,174,66,96,130,,,,,,,,,,,,,,,,,,,,,,,,,,,,,,,,,,,,,,,,,,,,,,,,,,,,,,,,,,,,,,,,,,,,,,,,,,,,,,,,,,,,,,,,,,,,,,,,,,,,,,,,,,,,,,,,,,,,,,,,,
EraseRow20.png,137,80,78,71,13,10,26,10,0,0,0,13,73,72,68,82,0,0,0,20,0,0,0,20,8,6,0,0,0,141,137,29,13,0,0,0,1,115,82,71,66,0,174,206,28,233,0,0,0,4,103,65,77,65,0,0,177,143,11,252,97,5,0,0,0,9,112,72,89,115,0,0,14,195,0,0,14,195,1,199,111,168,100,0,0,0,168,73,68,65,84,56,79,173,140,81,14,194,48,12,67,39,196,1,119,40,110,189,143,50,151,218,202,34,108,144,32,210,91,181,188,216,219,24,227,175,188,62,231,211,169,71,239,232,247,96,238,41,235,80,38,92,38,202,132,203,68,153,112,153,40,19,46,19,37,185,223,30,151,127,224,50,146,29,236,9,10,123,233,186,209,48,35,185,31,135,160,36,44,172,165,235,70,195,140,164,43,172,101,181,116,221,104,152,249,88,8,122,25,88,55,26,102,36,191,41,172,187,117,163,97,70,178,131,61,233,101,160,223,131,185,167,172,67,153,112,153,40,19,46,19,101,194,101,162,76,184,76,148,9,151,145,236,96,159,232,247,96,238,235,209,239,140,237,9,127,216,39,168,218,200,96,103,0,0,0,0,73,69,78,68,174,66,96,130,,,,,,,,,,,,,,,,,,,,,,,,,,,,,,,,,,,,,,,,,,,,,,,,,,,,,,,,,,,,,,,,,,,,,,,,,,,,,,,,,,,,,,,,,,,,,
MoveCellBorderR.png,137,80,78,71,13,10,26,10,0,0,0,13,73,72,68,82,0,0,0,32,0,0,0,32,8,6,0,0,0,115,122,122,244,0,0,0,1,115,82,71,66,0,174,206,28,233,0,0,0,4,103,65,77,65,0,0,177,143,11,252,97,5,0,0,0,9,112,72,89,115,0,0,14,195,0,0,14,195,1,199,111,168,100,0,0,0,206,73,68,65,84,88,71,237,150,209,10,130,48,20,134,125,230,61,193,158,42,122,135,236,170,187,44,136,132,130,162,11,159,96,157,13,141,33,95,89,108,157,66,118,224,67,249,60,122,126,216,68,43,231,92,192,24,35,135,215,101,173,237,207,210,170,159,21,230,254,87,0,77,48,192,84,205,127,9,166,170,4,152,247,91,240,43,80,106,130,82,19,148,41,236,78,157,60,213,6,246,231,78,20,247,13,160,76,37,14,81,55,87,81,220,231,65,153,131,56,196,114,221,138,226,62,148,158,225,230,92,108,14,55,121,44,204,33,153,3,191,254,195,240,69,125,20,197,125,40,83,137,135,175,182,23,81,220,231,65,153,66,60,188,145,125,48,190,62,6,165,38,40,53,65,169,201,227,132,190,88,223,4,3,228,168,119,254,25,74,128,18,224,105,0,77,48,64,142,42,123,224,179,0,174,186,3,130,41,222,50,212,228,171,231,0,0,0,0,73,69,78,68,174,66,96,130,,,,,,,,,,,,,,,,,,,,,,,,,,,,,,,,,,,,,,,,,,,,,,,,,,,,,,,
MoveCellBorderR16.png,137,80,78,71,13,10,26,10,0,0,0,13,73,72,68,82,0,0,0,16,0,0,0,16,8,6,0,0,0,31,243,255,97,0,0,0,1,115,82,71,66,0,174,206,28,233,0,0,0,4,103,65,77,65,0,0,177,143,11,252,97,5,0,0,0,9,112,72,89,115,0,0,14,195,0,0,14,195,1,199,111,168,100,0,0,0,92,73,68,65,84,56,79,197,146,81,10,192,32,12,67,123,244,222,220,237,137,31,146,133,238,163,178,5,158,72,52,161,130,113,107,168,50,115,237,106,145,157,5,77,14,76,160,250,246,9,20,85,68,204,105,236,25,88,115,135,130,170,196,155,43,164,232,61,120,24,74,21,6,107,238,84,97,64,172,29,40,122,151,251,27,231,10,154,252,250,132,24,23,56,34,167,6,105,46,225,120,0,0,0,0,73,69,78,68,174,66,96,130,,,,,,,,,,,,,,,,,,,,,,,,,,,,,,,,,,,,,,,,,,,,,,,,,,,,,,,,,,,,,,,,,,,,,,,,,,,,,,,,,,,,,,,,,,,,,,,,,,,,,,,,,,,,,,,,,,,,,,,,,,,,,,,,,,,,,,,,,,,,,,,,,,,,,,,,,,,,,,,,,,,,,,,,,
MoveCellBorderR20.png,137,80,78,71,13,10,26,10,0,0,0,13,73,72,68,82,0,0,0,20,0,0,0,20,8,6,0,0,0,141,137,29,13,0,0,0,1,115,82,71,66,0,174,206,28,233,0,0,0,4,103,65,77,65,0,0,177,143,11,252,97,5,0,0,0,9,112,72,89,115,0,0,14,195,0,0,14,195,1,199,111,168,100,0,0,0,119,73,68,65,84,56,79,213,147,65,10,192,32,12,4,243,244,124,180,103,207,125,65,154,88,41,136,27,35,24,74,187,48,42,43,14,122,144,68,132,52,58,141,97,230,182,138,211,28,117,172,194,12,58,33,202,214,13,81,190,37,204,224,17,102,2,75,15,34,150,163,156,186,196,251,6,44,61,76,24,73,113,217,14,206,240,164,67,49,35,146,25,176,244,136,100,6,44,119,184,7,157,50,232,132,171,241,126,207,15,133,25,116,194,213,188,252,100,161,11,220,107,103,125,210,22,129,117,0,0,0,0,73,69,78,68,174,66,96,130,,,,,,,,,,,,,,,,,,,,,,,,,,,,,,,,,,,,,,,,,,,,,,,,,,,,,,,,,,,,,,,,,,,,,,,,,,,,,,,,,,,,,,,,,,,,,,,,,,,,,,,,,,,,,,,,,,,,,,,,,,,,,,,,,,,,,,,,,,,,,,
MoveCellBorderD.png,137,80,78,71,13,10,26,10,0,0,0,13,73,72,68,82,0,0,0,32,0,0,0,32,8,6,0,0,0,115,122,122,244,0,0,0,1,115,82,71,66,0,174,206,28,233,0,0,0,4,103,65,77,65,0,0,177,143,11,252,97,5,0,0,0,9,112,72,89,115,0,0,14,195,0,0,14,195,1,199,111,168,100,0,0,0,220,73,68,65,84,88,71,237,148,81,10,194,48,12,134,123,230,158,160,167,18,239,224,124,242,205,41,136,130,130,226,131,39,168,253,135,169,93,27,109,29,180,67,72,224,163,107,154,38,31,27,76,89,107,103,133,77,182,68,105,173,109,9,241,197,18,184,62,49,40,244,129,4,23,175,124,50,32,71,166,223,16,40,244,33,2,83,4,148,50,110,225,207,68,64,4,138,4,140,49,150,192,65,184,15,243,168,229,144,79,32,2,34,32,2,179,8,236,47,15,191,15,5,118,231,119,30,224,222,167,31,27,61,163,208,71,169,0,134,146,4,9,96,120,252,54,50,253,134,152,44,64,18,88,105,120,51,129,62,24,24,18,126,26,80,77,0,172,182,215,209,240,174,191,37,53,85,5,192,162,59,14,195,151,235,147,219,166,231,213,5,192,230,112,119,11,127,214,68,224,27,255,33,128,77,9,168,253,21,174,79,12,123,177,37,108,178,29,86,61,1,48,152,222,50,185,223,5,214,0,0,0,0,73,69,78,68,174,66,96,130,,,,,,,,,,,,,,,,,,,,,,,,,,,,,,,,,,,,,,,,,
MoveCellBorderD16.png,137,80,78,71,13,10,26,10,0,0,0,13,73,72,68,82,0,0,0,16,0,0,0,16,8,6,0,0,0,31,243,255,97,0,0,0,1,115,82,71,66,0,174,206,28,233,0,0,0,4,103,65,77,65,0,0,177,143,11,252,97,5,0,0,0,9,112,72,89,115,0,0,14,195,0,0,14,195,1,199,111,168,100,0,0,0,103,73,68,65,84,56,79,221,144,81,10,192,48,8,67,61,186,55,119,70,215,205,218,192,232,215,160,129,231,210,170,129,85,92,198,112,161,76,244,153,192,27,33,28,134,110,255,44,14,200,204,17,1,170,106,0,23,213,163,7,68,180,120,18,16,213,69,154,40,110,255,10,192,226,202,70,64,126,222,229,60,111,6,164,157,127,161,63,250,103,64,133,204,28,17,0,195,64,175,211,103,68,196,46,223,142,167,6,103,142,235,1,0,0,0,0,73,69,78,68,174,66,96,130,,,,,,,,,,,,,,,,,,,,,,,,,,,,,,,,,,,,,,,,,,,,,,,,,,,,,,,,,,,,,,,,,,,,,,,,,,,,,,,,,,,,,,,,,,,,,,,,,,,,,,,,,,,,,,,,,,,,,,,,,,,,,,,,,,,,,,,,,,,,,,,,,,,,,,,,,,,,,,
MoveCellBorderD20.png,137,80,78,71,13,10,26,10,0,0,0,13,73,72,68,82,0,0,0,20,0,0,0,20,8,6,0,0,0,141,137,29,13,0,0,0,1,115,82,71,66,0,174,206,28,233,0,0,0,4,103,65,77,65,0,0,177,143,11,252,97,5,0,0,0,9,112,72,89,115,0,0,14,195,0,0,14,195,1,199,111,168,100,0,0,0,143,73,68,65,84,56,79,213,145,81,10,132,48,12,68,123,244,94,212,239,253,246,4,209,55,110,66,201,26,16,21,92,7,94,218,116,134,65,176,153,217,173,32,230,46,57,60,146,179,193,106,74,44,163,190,123,20,100,138,188,76,233,253,133,173,245,180,203,15,249,30,175,69,128,33,14,23,246,222,13,120,240,187,239,248,206,115,95,168,185,170,8,48,196,255,22,82,148,217,222,79,22,78,159,89,37,14,251,102,255,254,68,157,184,168,42,4,47,245,50,40,242,199,10,97,44,131,203,133,153,23,23,114,169,192,175,200,217,96,47,124,30,107,11,13,51,103,125,61,183,38,52,0,0,0,0,73,69,78,68,174,66,96,130,,,,,,,,,,,,,,,,,,,,,,,,,,,,,,,,,,,,,,,,,,,,,,,,,,,,,,,,,,,,,,,,,,,,,,,,,,,,,,,,,,,,,,,,,,,,,,,,,,,,,,,,,,,,,,,,,,,,,,
MoveCellBorderL.png,137,80,78,71,13,10,26,10,0,0,0,13,73,72,68,82,0,0,0,32,0,0,0,32,8,6,0,0,0,115,122,122,244,0,0,0,1,115,82,71,66,0,174,206,28,233,0,0,0,4,103,65,77,65,0,0,177,143,11,252,97,5,0,0,0,9,112,72,89,115,0,0,14,195,0,0,14,195,1,199,111,168,100,0,0,0,194,73,68,65,84,88,71,237,149,65,10,131,48,16,69,61,115,78,144,83,21,239,80,187,234,78,45,148,10,45,180,116,225,9,98,38,152,32,242,69,105,103,166,21,242,225,97,120,42,243,33,17,11,231,92,192,24,227,47,223,199,90,59,174,150,51,206,10,115,255,171,128,38,176,0,71,246,189,5,28,201,5,246,251,21,252,10,40,53,129,82,19,40,167,92,30,189,127,202,6,218,123,239,21,126,238,83,160,140,84,205,75,116,56,1,37,81,158,58,241,225,4,148,231,235,59,13,231,98,62,35,2,37,113,168,110,233,101,58,7,243,251,92,64,25,57,214,79,241,18,80,78,105,252,254,75,150,128,82,19,40,53,129,82,147,180,64,127,44,73,96,129,181,108,249,215,111,73,46,144,11,44,22,208,4,22,88,75,62,3,252,5,92,49,0,51,55,222,50,19,91,219,216,0,0,0,0,73,69,78,68,174,66,96,130,,,,,,,,,,,,,,,,,,,,,,,,,,,,,,,,,,,,,,,,,,,,,,,,,,,,,,,,,,,,,,,,,,,
MoveCellBorderL16.png,137,80,78,71,13,10,26,10,0,0,0,13,73,72,68,82,0,0,0,16,0,0,0,16,8,6,0,0,0,31,243,255,97,0,0,0,1,115,82,71,66,0,174,206,28,233,0,0,0,4,103,65,77,65,0,0,177,143,11,252,97,5,0,0,0,9,112,72,89,115,0,0,14,195,0,0,14,195,1,199,111,168,100,0,0,0,92,73,68,65,84,56,79,197,145,129,10,0,33,8,67,253,116,255,188,107,145,116,213,10,57,139,27,188,16,107,43,73,178,146,71,170,90,171,38,120,75,64,144,3,47,240,232,222,8,8,90,33,82,110,165,123,6,109,2,152,63,7,152,121,100,60,7,166,134,177,51,189,161,77,195,21,144,133,53,2,130,122,177,63,103,58,23,16,228,215,17,36,61,222,159,167,6,127,7,242,232,0,0,0,0,73,69,78,68,174,66,96,130,,,,,,,,,,,,,,,,,,,,,,,,,,,,,,,,,,,,,,,,,,,,,,,,,,,,,,,,,,,,,,,,,,,,,,,,,,,,,,,,,,,,,,,,,,,,,,,,,,,,,,,,,,,,,,,,,,,,,,,,,,,,,,,,,,,,,,,,,,,,,,,,,,,,,,,,,,,,,,,,,,,,,,,,,
MoveCellBorderL20.png,137,80,78,71,13,10,26,10,0,0,0,13,73,72,68,82,0,0,0,20,0,0,0,20,8,6,0,0,0,141,137,29,13,0,0,0,1,115,82,71,66,0,174,206,28,233,0,0,0,4,103,65,77,65,0,0,177,143,11,252,97,5,0,0,0,9,112,72,89,115,0,0,14,195,0,0,14,195,1,199,111,168,100,0,0,0,117,73,68,65,84,56,79,213,147,209,10,128,32,12,69,253,116,127,180,231,158,251,130,53,151,139,102,183,24,113,161,186,112,84,166,30,84,176,136,72,209,104,151,75,173,181,143,98,186,195,90,19,50,8,194,108,210,39,204,230,61,33,131,93,200,4,22,157,105,94,116,133,93,17,206,35,96,177,225,50,138,240,40,187,99,220,215,56,21,28,234,9,29,234,27,62,101,107,180,99,16,132,40,87,191,2,229,135,66,6,65,136,242,129,43,75,89,1,207,107,103,125,163,135,33,110,0,0,0,0,73,69,78,68,174,66,96,130,,,,,,,,,,,,,,,,,,,,,,,,,,,,,,,,,,,,,,,,,,,,,,,,,,,,,,,,,,,,,,,,,,,,,,,,,,,,,,,,,,,,,,,,,,,,,,,,,,,,,,,,,,,,,,,,,,,,,,,,,,,,,,,,,,,,,,,,,,,,,,,,
MoveCellBorderU.png,137,80,78,71,13,10,26,10,0,0,0,13,73,72,68,82,0,0,0,32,0,0,0,32,8,6,0,0,0,115,122,122,244,0,0,0,1,115,82,71,66,0,174,206,28,233,0,0,0,4,103,65,77,65,0,0,177,143,11,252,97,5,0,0,0,9,112,72,89,115,0,0,14,195,0,0,14,195,1,199,111,168,100,0,0,0,229,73,68,65,84,88,71,237,148,81,10,194,48,12,134,119,230,158,160,167,18,239,224,124,242,205,41,136,3,5,197,135,157,32,238,31,75,201,186,232,170,208,138,144,192,71,219,52,109,190,141,177,138,136,126,138,154,44,73,229,156,163,20,226,131,41,104,247,196,160,48,4,18,90,140,249,89,131,37,22,238,27,2,133,33,254,82,96,119,122,244,131,190,151,93,96,85,159,251,175,200,211,122,219,246,203,249,126,86,129,205,254,54,52,103,234,230,62,171,201,38,208,92,186,73,115,230,120,237,38,117,217,4,100,67,140,7,33,36,235,178,10,240,211,114,83,150,192,156,73,18,240,222,19,131,13,185,150,121,212,50,242,85,203,166,144,224,57,72,18,24,199,33,22,14,132,139,37,241,83,75,76,192,4,76,192,4,112,238,213,143,141,231,40,12,145,67,64,11,153,71,97,8,19,48,129,111,4,222,97,2,73,2,88,164,128,218,79,209,238,137,81,15,150,68,77,150,131,170,39,126,76,222,50,161,59,212,171,0,0,0,0,73,69,78,68,174,66,96,130,,,,,,,,,,,,,,,,,,,,,,,,,,,,,,,,
MoveCellBorderU16.png,137,80,78,71,13,10,26,10,0,0,0,13,73,72,68,82,0,0,0,16,0,0,0,16,8,6,0,0,0,31,243,255,97,0,0,0,1,115,82,71,66,0,174,206,28,233,0,0,0,4,103,65,77,65,0,0,177,143,11,252,97,5,0,0,0,9,112,72,89,115,0,0,14,195,0,0,14,195,1,199,111,168,100,0,0,0,104,73,68,65,84,56,79,221,144,81,14,192,32,8,67,123,116,110,238,40,204,141,145,38,139,217,190,108,242,164,10,54,81,184,134,194,197,229,65,159,9,188,17,226,102,234,244,215,197,137,152,217,34,192,204,6,225,65,245,236,17,192,138,23,1,177,186,68,211,11,195,146,220,47,4,212,203,55,11,1,44,105,63,60,33,237,207,1,253,211,95,3,42,98,102,139,0,26,5,123,157,62,3,96,28,21,117,167,6,80,119,28,146,0,0,0,0,73,69,78,68,174,66,96,130,,,,,,,,,,,,,,,,,,,,,,,,,,,,,,,,,,,,,,,,,,,,,,,,,,,,,,,,,,,,,,,,,,,,,,,,,,,,,,,,,,,,,,,,,,,,,,,,,,,,,,,,,,,,,,,,,,,,,,,,,,,,,,,,,,,,,,,,,,,,,,,,,,,,,,,,,,,,,
MoveCellBorderU20.png,137,80,78,71,13,10,26,10,0,0,0,13,73,72,68,82,0,0,0,20,0,0,0,20,8,6,0,0,0,141,137,29,13,0,0,0,1,115,82,71,66,0,174,206,28,233,0,0,0,4,103,65,77,65,0,0,177,143,11,252,97,5,0,0,0,9,112,72,89,115,0,0,14,195,0,0,14,195,1,199,111,168,100,0,0,0,141,73,68,65,84,56,79,213,145,65,14,128,32,12,4,121,58,31,245,236,217,23,84,182,178,181,54,244,130,30,100,147,65,75,55,147,24,139,136,124,10,130,115,72,44,123,98,215,104,75,13,6,159,62,155,32,146,244,117,169,89,95,184,237,199,99,126,37,132,172,148,42,94,154,10,107,173,2,112,193,119,206,216,83,70,40,77,133,122,182,36,133,246,184,101,228,186,159,20,18,138,238,89,247,22,206,118,155,20,112,40,107,10,227,79,212,39,90,72,23,88,250,236,4,127,255,228,200,194,66,188,100,96,159,17,187,198,168,60,143,148,19,96,195,103,125,199,201,49,94,0,0,0,0,73,69,78,68,174,66,96,130,,,,,,,,,,,,,,,,,,,,,,,,,,,,,,,,,,,,,,,,,,,,,,,,,,,,,,,,,,,,,,,,,,,,,,,,,,,,,,,,,,,,,,,,,,,,,,,,,,,,,,,,,,,,,,,,,,,,,,,,
ReduceColsWidth.png,137,80,78,71,13,10,26,10,0,0,0,13,73,72,68,82,0,0,0,32,0,0,0,32,8,6,0,0,0,115,122,122,244,0,0,0,1,115,82,71,66,0,174,206,28,233,0,0,0,4,103,65,77,65,0,0,177,143,11,252,97,5,0,0,0,9,112,72,89,115,0,0,14,195,0,0,14,195,1,199,111,168,100,0,0,0,133,73,68,65,84,88,71,237,142,129,10,128,48,8,68,253,244,254,220,138,5,133,221,220,180,229,10,124,112,32,114,202,35,102,158,26,184,140,204,57,108,99,100,160,64,20,41,144,2,41,240,47,1,162,229,152,236,212,110,205,2,30,9,237,206,37,96,145,104,221,184,5,106,15,175,244,244,85,1,249,0,165,6,234,202,148,222,67,129,61,18,212,65,41,93,69,64,130,30,104,244,244,221,2,189,180,110,92,2,86,134,10,120,25,34,240,6,41,144,2,41,240,93,129,200,220,4,102,5,46,227,194,180,2,98,244,252,211,238,192,208,219,0,0,0,0,73,69,78,68,174,66,96,130,,,,,,,,,,,,,,,,,,,,,,,,,,,,,,,,,,,,,,,,,,,,,,,,,,,,,,,,,,,,,,,,,,,,,,,,,,,,,,,,,,,,,,,,,,,,,,,,,,,,,,,,,,,,,,,,,,,,,,,,,,,,,,,,
ReduceColsWidth16.png,137,80,78,71,13,10,26,10,0,0,0,13,73,72,68,82,0,0,0,16,0,0,0,16,8,6,0,0,0,31,243,255,97,0,0,0,1,115,82,71,66,0,174,206,28,233,0,0,0,4,103,65,77,65,0,0,177,143,11,252,97,5,0,0,0,9,112,72,89,115,0,0,14,195,0,0,14,195,1,199,111,168,100,0,0,0,74,73,68,65,84,56,79,221,140,89,10,0,32,8,5,61,122,55,55,91,4,21,45,244,211,129,87,194,192,0,129,213,17,244,157,35,77,215,0,192,184,151,143,244,97,32,138,88,167,2,44,229,36,158,87,1,134,165,135,117,97,224,197,55,144,161,91,160,186,29,88,79,125,8,19,100,31,255,40,154,233,2,96,0,0,0,0,73,69,78,68,174,66,96,130,,,,,,,,,,,,,,,,,,,,,,,,,,,,,,,,,,,,,,,,,,,,,,,,,,,,,,,,,,,,,,,,,,,,,,,,,,,,,,,,,,,,,,,,,,,,,,,,,,,,,,,,,,,,,,,,,,,,,,,,,,,,,,,,,,,,,,,,,,,,,,,,,,,,,,,,,,,,,,,,,,,,,,,,,,,,,,,,,,,,,,,,,,,
ReduceColsWidth20.png,137,80,78,71,13,10,26,10,0,0,0,13,73,72,68,82,0,0,0,20,0,0,0,20,8,6,0,0,0,141,137,29,13,0,0,0,1,115,82,71,66,0,174,206,28,233,0,0,0,4,103,65,77,65,0,0,177,143,11,252,97,5,0,0,0,9,112,72,89,115,0,0,14,195,0,0,14,195,1,199,111,168,100,0,0,0,109,73,68,65,84,56,79,237,212,209,13,128,32,12,4,208,142,238,90,46,225,16,46,82,37,114,166,20,91,146,82,255,184,228,132,96,243,194,23,196,204,169,125,62,247,146,209,6,156,205,2,91,112,63,206,186,179,163,103,92,144,104,115,209,242,175,204,200,12,65,11,5,54,4,49,164,43,81,137,245,253,251,134,50,22,134,0,149,113,65,15,67,244,140,11,70,178,192,254,109,139,244,5,51,251,121,24,47,211,5,13,51,211,81,8,11,75,156,0,0,0,0,73,69,78,68,174,66,96,130,,,,,,,,,,,,,,,,,,,,,,,,,,,,,,,,,,,,,,,,,,,,,,,,,,,,,,,,,,,,,,,,,,,,,,,,,,,,,,,,,,,,,,,,,,,,,,,,,,,,,,,,,,,,,,,,,,,,,,,,,,,,,,,,,,,,,,,,,,,,,,,,,,,,,,,,
ReduceRowsHeight.png,137,80,78,71,13,10,26,10,0,0,0,13,73,72,68,82,0,0,0,32,0,0,0,32,8,6,0,0,0,115,122,122,244,0,0,0,1,115,82,71,66,0,174,206,28,233,0,0,0,4,103,65,77,65,0,0,177,143,11,252,97,5,0,0,0,9,112,72,89,115,0,0,14,195,0,0,14,195,1,199,111,168,100,0,0,0,142,73,68,65,84,88,71,237,147,65,10,192,32,12,4,125,122,127,158,54,5,169,216,45,166,27,73,104,113,96,64,188,236,28,180,136,72,170,240,50,210,235,112,28,35,133,1,81,76,11,40,101,59,125,203,10,248,110,64,29,28,57,130,14,80,208,96,171,5,87,128,130,134,85,43,238,0,133,29,87,166,4,40,204,184,50,45,64,73,15,96,88,1,255,10,72,125,132,169,223,176,142,51,17,238,128,126,188,106,197,21,128,134,91,45,208,1,104,16,57,130,14,232,177,14,246,172,128,255,4,176,60,6,68,122,11,200,18,94,198,41,101,7,43,220,252,211,64,174,147,228,0,0,0,0,73,69,78,68,174,66,96,130,,,,,,,,,,,,,,,,,,,,,,,,,,,,,,,,,,,,,,,,,,,,,,,,,,,,,,,,,,,,,,,,,,,,,,,,,,,,,,,,,,,,,,,,,,,,,,,,,,,,,,,,,,,,,,,,,,,,,,,
ReduceRowsHeight16.png,137,80,78,71,13,10,26,10,0,0,0,13,73,72,68,82,0,0,0,16,0,0,0,16,8,6,0,0,0,31,243,255,97,0,0,0,1,115,82,71,66,0,174,206,28,233,0,0,0,4,103,65,77,65,0,0,177,143,11,252,97,5,0,0,0,9,112,72,89,115,0,0,14,195,0,0,14,195,1,199,111,168,100,0,0,0,84,73,68,65,84,56,79,213,145,73,14,0,32,8,3,121,186,63,71,234,146,24,21,52,168,7,39,41,112,233,28,148,4,246,70,144,149,143,41,68,161,92,35,111,5,40,246,233,49,5,192,42,131,165,0,104,101,176,37,176,248,68,112,244,6,71,191,208,150,53,137,41,168,204,138,149,187,2,111,146,0,195,31,166,8,100,31,255,40,160,124,214,230,0,0,0,0,73,69,78,68,174,66,96,130,,,,,,,,,,,,,,,,,,,,,,,,,,,,,,,,,,,,,,,,,,,,,,,,,,,,,,,,,,,,,,,,,,,,,,,,,,,,,,,,,,,,,,,,,,,,,,,,,,,,,,,,,,,,,,,,,,,,,,,,,,,,,,,,,,,,,,,,,,,,,,,,,,,,,,,,,,,,,,,,,,,,,,,,,,,,,,,,,
ReduceRowsHeight20.png,137,80,78,71,13,10,26,10,0,0,0,13,73,72,68,82,0,0,0,20,0,0,0,20,8,6,0,0,0,141,137,29,13,0,0,0,1,115,82,71,66,0,174,206,28,233,0,0,0,4,103,65,77,65,0,0,177,143,11,252,97,5,0,0,0,9,112,72,89,115,0,0,14,195,0,0,14,195,1,199,111,168,100,0,0,0,108,73,68,65,84,56,79,221,210,209,9,128,48,12,132,225,140,238,90,46,209,33,92,36,122,106,65,211,154,166,244,64,244,135,83,241,225,131,162,162,170,212,29,151,237,54,186,2,244,18,153,206,167,122,63,1,231,180,236,144,29,222,219,66,32,178,104,13,67,97,16,101,244,9,67,93,32,242,48,212,13,182,122,31,164,30,153,250,81,50,70,249,109,44,230,161,33,240,26,32,175,143,130,163,187,129,188,169,172,17,223,211,81,161,250,44,223,0,0,0,0,73,69,78,68,174,66,96,130,,,,,,,,,,,,,,,,,,,,,,,,,,,,,,,,,,,,,,,,,,,,,,,,,,,,,,,,,,,,,,,,,,,,,,,,,,,,,,,,,,,,,,,,,,,,,,,,,,,,,,,,,,,,,,,,,,,,,,,,,,,,,,,,,,,,,,,,,,,,,,,,,,,,,,,,,
ExpandColsWidth.png,137,80,78,71,13,10,26,10,0,0,0,13,73,72,68,82,0,0,0,32,0,0,0,32,8,6,0,0,0,115,122,122,244,0,0,0,1,115,82,71,66,0,174,206,28,233,0,0,0,4,103,65,77,65,0,0,177,143,11,252,97,5,0,0,0,9,112,72,89,115,0,0,14,195,0,0,14,195,1,199,111,168,100,0,0,0,145,73,68,65,84,88,71,237,142,129,10,128,48,8,68,253,244,254,124,37,53,10,187,57,221,194,10,124,112,32,226,201,163,82,202,171,129,203,200,156,195,54,70,6,10,68,145,2,41,144,2,255,19,32,90,142,201,142,214,113,9,240,163,81,129,86,207,44,80,159,204,8,160,174,73,224,250,0,61,233,161,245,187,2,178,140,34,65,55,50,21,85,0,21,81,36,232,6,101,191,85,4,42,168,232,65,235,155,4,152,214,3,11,90,215,44,192,204,10,32,92,2,204,168,64,11,183,192,211,164,64,10,164,192,119,5,34,115,19,120,43,112,25,151,66,43,98,244,252,211,141,254,182,222,0,0,0,0,73,69,78,68,174,66,96,130,,,,,,,,,,,,,,,,,,,,,,,,,,,,,,,,,,,,,,,,,,,,,,,,,,,,,,,,,,,,,,,,,,,,,,,,,,,,,,,,,,,,,,,,,,,,,,,,,,,,,,,,,,,,,,,,,,,,
ExpandColsWidth16.png,137,80,78,71,13,10,26,10,0,0,0,13,73,72,68,82,0,0,0,16,0,0,0,16,8,6,0,0,0,31,243,255,97,0,0,0,1,115,82,71,66,0,174,206,28,233,0,0,0,4,103,65,77,65,0,0,177,143,11,252,97,5,0,0,0,9,112,72,89,115,0,0,14,195,0,0,14,195,1,199,111,168,100,0,0,0,78,73,68,65,84,56,79,221,140,209,10,0,32,8,3,253,244,254,220,180,18,38,74,148,143,30,172,132,141,35,129,171,17,228,219,199,55,93,5,68,227,92,57,216,7,129,150,47,2,219,56,129,21,24,36,235,157,0,71,55,112,19,4,202,139,192,72,5,63,116,19,84,179,4,250,212,195,52,1,100,31,255,40,147,73,253,214,0,0,0,0,73,69,78,68,174,66,96,130,,,,,,,,,,,,,,,,,,,,,,,,,,,,,,,,,,,,,,,,,,,,,,,,,,,,,,,,,,,,,,,,,,,,,,,,,,,,,,,,,,,,,,,,,,,,,,,,,,,,,,,,,,,,,,,,,,,,,,,,,,,,,,,,,,,,,,,,,,,,,,,,,,,,,,,,,,,,,,,,,,,,,,,,,,,,,,,,,,,,,,,
ExpandColsWidth20.png,137,80,78,71,13,10,26,10,0,0,0,13,73,72,68,82,0,0,0,20,0,0,0,20,8,6,0,0,0,141,137,29,13,0,0,0,1,115,82,71,66,0,174,206,28,233,0,0,0,4,103,65,77,65,0,0,177,143,11,252,97,5,0,0,0,9,112,72,89,115,0,0,14,195,0,0,14,195,1,199,111,168,100,0,0,0,115,73,68,65,84,56,79,237,148,203,17,128,32,12,68,83,186,109,217,132,69,216,72,52,3,113,150,152,248,193,120,227,205,44,160,44,111,56,65,204,156,154,50,236,83,70,26,225,87,134,176,21,206,203,90,87,49,182,19,10,165,72,52,213,175,24,233,160,212,21,170,236,169,16,165,39,33,202,108,20,111,79,82,206,254,125,67,69,165,119,160,76,8,133,2,22,35,108,231,82,216,195,16,250,239,219,219,28,194,204,184,63,251,195,180,1,13,51,211,81,92,229,140,6,0,0,0,0,73,69,78,68,174,66,96,130,,,,,,,,,,,,,,,,,,,,,,,,,,,,,,,,,,,,,,,,,,,,,,,,,,,,,,,,,,,,,,,,,,,,,,,,,,,,,,,,,,,,,,,,,,,,,,,,,,,,,,,,,,,,,,,,,,,,,,,,,,,,,,,,,,,,,,,,,,,,,,,,,,
ExpandRowsHeight.png,137,80,78,71,13,10,26,10,0,0,0,13,73,72,68,82,0,0,0,32,0,0,0,32,8,6,0,0,0,115,122,122,244,0,0,0,1,115,82,71,66,0,174,206,28,233,0,0,0,4,103,65,77,65,0,0,177,143,11,252,97,5,0,0,0,9,112,72,89,115,0,0,14,195,0,0,14,195,1,199,111,168,100,0,0,0,142,73,68,65,84,88,71,237,147,65,10,192,48,8,4,125,122,127,110,187,208,208,144,90,34,42,10,105,6,6,36,151,157,75,136,153,75,21,31,51,125,142,235,204,84,12,200,34,52,128,232,184,47,61,97,1,24,47,11,104,227,150,8,119,192,56,222,212,226,10,144,134,123,53,152,3,164,65,201,25,230,128,17,237,224,200,14,88,39,192,202,14,88,39,96,255,130,255,5,180,193,153,51,204,1,64,26,236,213,224,10,0,210,48,212,226,14,0,214,113,16,18,0,44,227,32,44,0,148,7,88,248,12,200,244,21,80,165,248,152,39,211,9,43,220,252,211,125,30,85,75,0,0,0,0,73,69,78,68,174,66,96,130,,,,,,,,,,,,,,,,,,,,,,,,,,,,,,,,,,,,,,,,,,,,,,,,,,,,,,,,,,,,,,,,,,,,,,,,,,,,,,,,,,,,,,,,,,,,,,,,,,,,,,,,,,,,,,,,,,,,,,,
ExpandRowsHeight16.png,137,80,78,71,13,10,26,10,0,0,0,13,73,72,68,82,0,0,0,16,0,0,0,16,8,6,0,0,0,31,243,255,97,0,0,0,1,115,82,71,66,0,174,206,28,233,0,0,0,4,103,65,77,65,0,0,177,143,11,252,97,5,0,0,0,9,112,72,89,115,0,0,14,195,0,0,14,195,1,199,111,168,100,0,0,0,86,73,68,65,84,56,79,213,144,203,10,192,32,12,4,243,233,254,185,205,106,3,62,146,21,114,104,113,96,213,203,204,65,81,106,118,138,94,253,225,34,82,222,215,206,49,0,217,230,65,3,163,28,69,104,192,240,68,227,155,0,227,146,192,127,159,8,113,221,10,13,0,38,131,99,0,68,50,152,2,217,181,0,142,252,170,60,100,31,255,40,238,213,39,23,0,0,0,0,73,69,78,68,174,66,96,130,,,,,,,,,,,,,,,,,,,,,,,,,,,,,,,,,,,,,,,,,,,,,,,,,,,,,,,,,,,,,,,,,,,,,,,,,,,,,,,,,,,,,,,,,,,,,,,,,,,,,,,,,,,,,,,,,,,,,,,,,,,,,,,,,,,,,,,,,,,,,,,,,,,,,,,,,,,,,,,,,,,,,,,,,,,,,,,
ExpandRowsHeight20.png,137,80,78,71,13,10,26,10,0,0,0,13,73,72,68,82,0,0,0,20,0,0,0,20,8,6,0,0,0,141,137,29,13,0,0,0,1,115,82,71,66,0,174,206,28,233,0,0,0,4,103,65,77,65,0,0,177,143,11,252,97,5,0,0,0,9,112,72,89,115,0,0,14,195,0,0,14,195,1,199,111,168,100,0,0,0,107,73,68,65,84,56,79,229,210,209,13,128,32,12,132,225,142,238,90,46,225,16,46,82,189,104,19,197,114,150,0,33,209,63,57,225,233,123,65,81,213,166,59,62,251,81,187,7,200,154,151,245,188,249,21,129,192,68,38,138,134,65,195,108,57,52,4,166,24,67,67,224,53,64,172,15,130,111,141,7,127,242,40,93,126,236,20,245,48,20,6,145,161,57,12,21,129,136,97,200,5,107,119,3,219,77,101,3,17,223,211,81,93,230,36,55,0,0,0,0,73,69,78,68,174,66,96,130,,,,,,,,,,,,,,,,,,,,,,,,,,,,,,,,,,,,,,,,,,,,,,,,,,,,,,,,,,,,,,,,,,,,,,,,,,,,,,,,,,,,,,,,,,,,,,,,,,,,,,,,,,,,,,,,,,,,,,,,,,,,,,,,,,,,,,,,,,,,,,,,,,,,,,,,,,
MoveColBorderR.png,137,80,78,71,13,10,26,10,0,0,0,13,73,72,68,82,0,0,0,32,0,0,0,32,8,6,0,0,0,115,122,122,244,0,0,0,1,115,82,71,66,0,174,206,28,233,0,0,0,4,103,65,77,65,0,0,177,143,11,252,97,5,0,0,0,9,112,72,89,115,0,0,14,195,0,0,14,195,1,199,111,168,100,0,0,0,190,73,68,65,84,88,71,237,142,81,10,67,33,12,4,189,96,239,84,122,170,222,206,54,141,6,137,27,141,22,124,239,35,3,11,65,220,100,82,206,249,210,192,199,147,145,225,241,122,231,147,9,129,16,232,4,190,208,227,18,59,29,162,244,248,174,12,33,16,2,119,21,72,233,89,166,158,145,128,163,199,119,101,24,8,88,203,102,2,147,30,223,149,97,34,128,150,121,4,6,61,190,43,131,67,64,47,243,10,24,61,190,43,67,89,166,139,40,149,86,0,253,211,169,252,45,64,225,191,220,33,208,31,20,254,251,235,241,93,25,154,101,45,104,65,197,234,16,142,30,223,149,193,33,160,241,10,104,182,4,16,30,1,196,178,128,197,76,192,98,73,96,196,78,135,8,129,16,184,175,192,201,116,2,87,5,62,158,75,78,31,255,28,90,33,58,53,112,255,0,0,0,0,73,69,78,68,174,66,96,130,,,,,,,,,,,,,,,,,,,,,,,,,,,,,,,,,,,,,,,,,,,,,,,,,,,,,,,,,,,,,,,,,,,,,,,
MoveColBorderR16.png,137,80,78,71,13,10,26,10,0,0,0,13,73,72,68,82,0,0,0,16,0,0,0,16,8,6,0,0,0,31,243,255,97,0,0,0,1,115,82,71,66,0,174,206,28,233,0,0,0,4,103,65,77,65,0,0,177,143,11,252,97,5,0,0,0,9,112,72,89,115,0,0,14,195,0,0,14,195,1,199,111,168,100,0,0,0,83,73,68,65,84,56,79,221,140,193,9,0,32,12,196,110,65,119,18,167,114,187,90,209,67,197,130,197,151,24,56,40,164,4,33,101,185,157,130,31,2,74,61,76,28,238,197,0,16,251,181,7,12,103,7,248,232,112,35,64,185,238,232,70,128,240,161,221,71,103,7,136,195,237,129,25,135,123,37,112,59,17,65,1,22,163,206,89,14,145,224,118,0,0,0,0,73,69,78,68,174,66,96,130,,,,,,,,,,,,,,,,,,,,,,,,,,,,,,,,,,,,,,,,,,,,,,,,,,,,,,,,,,,,,,,,,,,,,,,,,,,,,,,,,,,,,,,,,,,,,,,,,,,,,,,,,,,,,,,,,,,,,,,,,,,,,,,,,,,,,,,,,,,,,,,,,,,,,,,,,,,,,,,,,,,,,,,,,,,,,,,,,,
MoveColBorderR20.png,137,80,78,71,13,10,26,10,0,0,0,13,73,72,68,82,0,0,0,20,0,0,0,20,8,6,0,0,0,141,137,29,13,0,0,0,1,115,82,71,66,0,174,206,28,233,0,0,0,4,103,65,77,65,0,0,177,143,11,252,97,5,0,0,0,9,112,72,89,115,0,0,14,195,0,0,14,195,1,199,111,168,100,0,0,0,129,73,68,65,84,56,79,229,140,203,13,128,48,12,67,179,32,59,33,166,130,37,24,130,69,2,233,79,105,20,183,151,92,42,44,185,106,229,215,71,204,28,218,116,108,199,201,17,253,179,240,139,60,134,153,49,101,95,89,120,221,79,185,229,88,6,236,88,72,180,119,159,44,3,246,177,80,127,242,132,206,222,11,43,100,43,159,132,241,54,105,221,147,34,29,69,168,163,225,252,238,25,176,143,133,21,150,120,66,103,199,66,13,75,44,3,118,44,180,153,49,11,10,35,218,132,113,101,122,1,115,98,150,244,50,167,68,27,0,0,0,0,73,69,78,68,174,66,96,130,,,,,,,,,,,,,,,,,,,,,,,,,,,,,,,,,,,,,,,,,,,,,,,,,,,,,,,,,,,,,,,,,,,,,,,,,,,,,,,,,,,,,,,,,,,,,,,,,,,,,,,,,,,,,,,,,,,,,,,,,,,,,,,,,,,,
MoveRowBorderD.png,137,80,78,71,13,10,26,10,0,0,0,13,73,72,68,82,0,0,0,32,0,0,0,32,8,6,0,0,0,115,122,122,244,0,0,0,1,115,82,71,66,0,174,206,28,233,0,0,0,4,103,65,77,65,0,0,177,143,11,252,97,5,0,0,0,9,112,72,89,115,0,0,14,195,0,0,14,195,1,199,111,168,100,0,0,0,153,73,68,65,84,88,71,237,147,1,10,128,48,8,69,189,96,119,138,78,213,237,44,131,197,40,55,21,116,178,232,193,131,216,6,255,179,25,32,98,170,236,226,72,239,143,101,219,241,41,156,219,81,170,10,68,225,94,0,96,189,212,242,23,152,191,64,9,148,108,225,114,3,92,96,109,15,183,39,224,130,73,9,215,25,176,134,19,243,15,33,71,122,1,11,234,2,116,48,74,85,129,40,190,87,32,253,47,248,11,12,47,80,2,37,91,184,220,0,23,88,219,195,237,9,184,96,82,194,117,6,172,225,196,252,67,200,145,94,192,130,186,0,29,140,242,85,32,75,118,113,156,8,7,242,50,90,33,89,20,189,126,0,0,0,0,73,69,78,68,174,66,96,130,,,,,,,,,,,,,,,,,,,,,,,,,,,,,,,,,,,,,,,,,,,,,,,,,,,,,,,,,,,,,,,,,,,,,,,,,,,,,,,,,,,,,,,,,,,,,,,,,,,,,,,,,,,,
MoveRowBorderD16.png,137,80,78,71,13,10,26,10,0,0,0,13,73,72,68,82,0,0,0,16,0,0,0,16,8,6,0,0,0,31,243,255,97,0,0,0,1,115,82,71,66,0,174,206,28,233,0,0,0,4,103,65,77,65,0,0,177,143,11,252,97,5,0,0,0,9,112,72,89,115,0,0,14,195,0,0,14,195,1,199,111,168,100,0,0,0,89,73,68,65,84,56,79,181,144,1,10,0,32,8,3,247,193,254,20,189,170,223,21,70,129,73,130,11,60,56,8,193,225,66,105,125,104,1,112,218,0,134,112,0,80,247,235,38,63,64,22,173,154,208,5,222,178,144,83,97,13,25,109,0,67,56,128,170,240,226,59,224,252,190,86,19,186,192,91,22,114,42,172,33,163,4,253,59,48,1,207,127,206,89,164,248,10,104,0,0,0,0,73,69,78,68,174,66,96,130,,,,,,,,,,,,,,,,,,,,,,,,,,,,,,,,,,,,,,,,,,,,,,,,,,,,,,,,,,,,,,,,,,,,,,,,,,,,,,,,,,,,,,,,,,,,,,,,,,,,,,,,,,,,,,,,,,,,,,,,,,,,,,,,,,,,,,,,,,,,,,,,,,,,,,,,,,,,,,,,,,,,,,,,,,,,
MoveRowBorderD20.png,137,80,78,71,13,10,26,10,0,0,0,13,73,72,68,82,0,0,0,20,0,0,0,20,8,6,0,0,0,141,137,29,13,0,0,0,1,115,82,71,66,0,174,206,28,233,0,0,0,4,103,65,77,65,0,0,177,143,11,252,97,5,0,0,0,9,112,72,89,115,0,0,14,195,0,0,14,195,1,199,111,168,100,0,0,0,129,73,68,65,84,56,79,221,146,209,9,192,32,12,68,179,96,119,42,157,170,93,162,67,116,145,180,39,181,72,154,8,57,252,242,193,137,68,120,24,163,168,234,208,148,101,217,118,109,35,79,153,73,40,100,160,132,34,235,187,251,51,145,240,56,175,34,178,65,189,37,117,67,43,181,50,144,110,185,74,61,25,160,222,48,146,129,174,16,135,76,66,97,4,90,142,152,72,104,191,76,141,29,80,234,134,86,234,77,59,221,114,149,122,50,64,189,97,36,3,93,33,14,153,124,194,113,81,185,1,231,1,150,244,217,136,6,219,0,0,0,0,73,69,78,68,174,66,96,130,,,,,,,,,,,,,,,,,,,,,,,,,,,,,,,,,,,,,,,,,,,,,,,,,,,,,,,,,,,,,,,,,,,,,,,,,,,,,,,,,,,,,,,,,,,,,,,,,,,,,,,,,,,,,,,,,,,,,,,,,,,,,,,,,,,,
MoveColBorderL.png,137,80,78,71,13,10,26,10,0,0,0,13,73,72,68,82,0,0,0,32,0,0,0,32,8,6,0,0,0,115,122,122,244,0,0,0,1,115,82,71,66,0,174,206,28,233,0,0,0,4,103,65,77,65,0,0,177,143,11,252,97,5,0,0,0,9,112,72,89,115,0,0,14,195,0,0,14,195,1,199,111,168,100,0,0,0,156,73,68,65,84,88,71,237,142,109,10,128,32,16,68,189,96,119,138,78,213,237,182,134,84,34,55,63,6,81,127,236,131,1,89,152,241,57,17,153,26,245,56,50,241,177,29,167,140,140,9,152,64,34,112,131,99,51,76,207,119,158,127,227,195,4,76,96,101,1,231,118,255,74,97,122,77,2,24,97,4,114,189,106,129,48,210,42,80,234,85,9,188,71,254,134,0,211,43,10,124,71,180,4,152,94,86,64,43,105,9,48,189,172,64,64,43,106,48,189,42,1,80,26,2,76,175,90,0,48,2,160,155,0,96,4,64,55,129,28,76,207,4,76,96,93,129,145,73,4,102,69,61,142,139,184,11,43,43,90,33,51,56,71,114,0,0,0,0,73,69,78,68,174,66,96,130,,,,,,,,,,,,,,,,,,,,,,,,,,,,,,,,,,,,,,,,,,,,,,,,,,,,,,,,,,,,,,,,,,,,,,,,,,,,,,,,,,,,,,,,,,,,,,,,,,,,,,,,,
MoveColBorderL16.png,137,80,78,71,13,10,26,10,0,0,0,13,73,72,68,82,0,0,0,16,0,0,0,16,8,6,0,0,0,31,243,255,97,0,0,0,1,115,82,71,66,0,174,206,28,233,0,0,0,4,103,65,77,65,0,0,177,143,11,252,97,5,0,0,0,9,112,72,89,115,0,0,14,195,0,0,14,195,1,199,111,168,100,0,0,0,86,73,68,65,84,56,79,99,240,109,218,241,159,92,12,4,12,195,193,0,32,0,49,176,2,34,228,6,155,1,12,12,13,80,22,4,16,33,135,48,0,164,0,151,1,120,228,32,6,192,20,32,99,152,34,124,114,16,138,176,45,248,228,16,6,128,0,46,3,64,128,40,3,208,1,17,114,131,197,0,114,241,255,255,255,25,0,235,237,206,89,109,168,150,181,0,0,0,0,73,69,78,68,174,66,96,130,,,,,,,,,,,,,,,,,,,,,,,,,,,,,,,,,,,,,,,,,,,,,,,,,,,,,,,,,,,,,,,,,,,,,,,,,,,,,,,,,,,,,,,,,,,,,,,,,,,,,,,,,,,,,,,,,,,,,,,,,,,,,,,,,,,,,,,,,,,,,,,,,,,,,,,,,,,,,,,,,,,,,,,,,,,,,,,
MoveColBorderL20.png,137,80,78,71,13,10,26,10,0,0,0,13,73,72,68,82,0,0,0,20,0,0,0,20,8,6,0,0,0,141,137,29,13,0,0,0,1,115,82,71,66,0,174,206,28,233,0,0,0,4,103,65,77,65,0,0,177,143,11,252,97,5,0,0,0,9,112,72,89,115,0,0,14,195,0,0,14,195,1,199,111,168,100,0,0,0,120,73,68,65,84,56,79,229,142,209,13,128,48,8,68,89,208,157,140,83,233,18,14,225,34,232,73,105,72,43,229,135,159,198,151,92,211,230,224,165,196,204,169,121,143,101,219,57,35,127,22,62,224,225,18,245,160,204,204,42,60,206,171,220,132,168,7,174,16,195,68,107,121,9,81,15,62,133,58,236,9,189,30,116,66,59,220,103,220,139,169,17,130,212,31,42,186,100,137,122,224,10,1,150,44,81,15,134,194,150,168,7,19,10,51,82,133,121,97,186,1,157,48,150,244,30,82,93,211,0,0,0,0,73,69,78,68,174,66,96,130,,,,,,,,,,,,,,,,,,,,,,,,,,,,,,,,,,,,,,,,,,,,,,,,,,,,,,,,,,,,,,,,,,,,,,,,,,,,,,,,,,,,,,,,,,,,,,,,,,,,,,,,,,,,,,,,,,,,,,,,,,,,,,,,,,,,,,,,,,,,,
MoveRowBorderU.png,137,80,78,71,13,10,26,10,0,0,0,13,73,72,68,82,0,0,0,32,0,0,0,32,8,6,0,0,0,115,122,122,244,0,0,0,1,115,82,71,66,0,174,206,28,233,0,0,0,4,103,65,77,65,0,0,177,143,11,252,97,5,0,0,0,9,112,72,89,115,0,0,14,195,0,0,14,195,1,199,111,168,100,0,0,0,154,73,68,65,84,88,71,237,147,221,9,128,48,12,6,179,160,59,137,83,185,93,52,96,164,212,244,143,38,13,86,15,14,138,22,190,123,80,64,68,87,197,135,35,189,15,203,182,99,44,156,175,173,172,10,176,194,36,0,96,189,78,101,212,3,104,220,45,128,199,91,34,212,2,226,113,182,132,74,128,52,28,154,163,59,64,26,148,76,49,215,71,72,252,1,238,1,173,188,39,128,46,90,89,21,96,133,73,192,119,255,2,30,111,137,80,11,136,199,217,18,42,1,210,112,104,142,238,0,105,80,50,197,92,31,33,241,7,184,7,180,82,29,64,23,173,124,4,120,41,62,28,39,194,1,125,140,90,33,19,99,208,186,0,0,0,0,73,69,78,68,174,66,96,130,,,,,,,,,,,,,,,,,,,,,,,,,,,,,,,,,,,,,,,,,,,,,,,,,,,,,,,,,,,,,,,,,,,,,,,,,,,,,,,,,,,,,,,,,,,,,,,,,,,,,,,,,,,
MoveRowBorderU16.png,137,80,78,71,13,10,26,10,0,0,0,13,73,72,68,82,0,0,0,16,0,0,0,16,8,6,0,0,0,31,243,255,97,0,0,0,1,115,82,71,66,0,174,206,28,233,0,0,0,4,103,65,77,65,0,0,177,143,11,252,97,5,0,0,0,9,112,72,89,115,0,0,14,195,0,0,14,195,1,199,111,168,100,0,0,0,94,73,68,65,84,56,79,189,144,129,9,0,33,12,3,179,160,59,61,78,229,118,62,21,133,90,34,90,11,30,4,164,144,131,136,148,75,213,1,224,139,21,48,128,175,191,102,142,4,82,30,177,108,5,186,204,36,111,38,8,97,193,10,42,104,71,79,172,128,17,154,48,126,159,73,182,2,93,102,146,55,19,132,176,96,5,21,180,163,39,34,186,79,197,15,218,60,206,89,100,73,20,117,0,0,0,0,73,69,78,68,174,66,96,130,,,,,,,,,,,,,,,,,,,,,,,,,,,,,,,,,,,,,,,,,,,,,,,,,,,,,,,,,,,,,,,,,,,,,,,,,,,,,,,,,,,,,,,,,,,,,,,,,,,,,,,,,,,,,,,,,,,,,,,,,,,,,,,,,,,,,,,,,,,,,,,,,,,,,,,,,,,,,,,,,,,,,,,
MoveRowBorderU20.png,137,80,78,71,13,10,26,10,0,0,0,13,73,72,68,82,0,0,0,20,0,0,0,20,8,6,0,0,0,141,137,29,13,0,0,0,1,115,82,71,66,0,174,206,28,233,0,0,0,4,103,65,77,65,0,0,177,143,11,252,97,5,0,0,0,9,112,72,89,115,0,0,14,195,0,0,14,195,1,199,111,168,100,0,0,0,123,73,68,65,84,56,79,221,210,209,9,128,48,12,4,208,44,232,78,226,84,186,132,67,184,72,244,196,136,196,94,105,66,127,244,224,74,105,225,125,164,21,85,237,218,115,25,166,89,159,149,227,56,83,10,178,44,235,118,237,222,9,131,192,68,70,138,134,64,195,172,37,180,25,244,24,67,83,51,4,196,242,113,16,151,153,82,144,133,125,25,36,12,218,107,51,52,4,250,175,83,66,155,65,143,49,52,53,67,64,44,63,5,107,169,130,184,204,244,6,251,85,101,7,181,193,150,244,70,220,28,249,0,0,0,0,73,69,78,68,174,66,96,130,,,,,,,,,,,,,,,,,,,,,,,,,,,,,,,,,,,,,,,,,,,,,,,,,,,,,,,,,,,,,,,,,,,,,,,,,,,,,,,,,,,,,,,,,,,,,,,,,,,,,,,,,,,,,,,,,,,,,,,,,,,,,,,,,,,,,,,,,,
ReverseCell.png,137,80,78,71,13,10,26,10,0,0,0,13,73,72,68,82,0,0,0,32,0,0,0,32,8,6,0,0,0,115,122,122,244,0,0,0,1,115,82,71,66,0,174,206,28,233,0,0,0,4,103,65,77,65,0,0,177,143,11,252,97,5,0,0,0,9,112,72,89,115,0,0,14,195,0,0,14,195,1,199,111,168,100,0,0,0,126,73,68,65,84,88,71,237,144,177,13,128,48,12,4,25,61,59,101,2,102,96,7,214,48,122,58,196,131,148,20,23,23,142,116,41,222,126,233,228,45,34,150,98,67,18,27,146,220,95,107,45,104,94,2,251,113,90,122,239,54,23,179,179,18,200,41,160,2,197,240,5,190,158,102,174,35,254,102,37,144,83,64,5,138,156,23,112,139,162,4,48,1,21,40,114,94,192,45,138,18,192,4,84,160,24,190,128,203,197,236,172,4,114,10,208,60,4,86,98,67,18,27,114,196,118,1,99,119,223,153,19,206,183,61,0,0,0,0,73,69,78,68,174,66,96,130,,,,,,,,,,,,,,,,,,,,,,,,,,,,,,,,,,,,,,,,,,,,,,,,,,,,,,,,,,,,,,,,,,,,,,,,,,,,,,,,,,,,,,,,,,,,,,,,,,,,,,,,,,,,,,,,,,,,,,,,,,,,,,,,,,,,,,,
ReverseCell16.png,137,80,78,71,13,10,26,10,0,0,0,13,73,72,68,82,0,0,0,32,0,0,0,32,8,6,0,0,0,115,122,122,244,0,0,0,1,115,82,71,66,0,174,206,28,233,0,0,0,4,103,65,77,65,0,0,177,143,11,252,97,5,0,0,0,9,112,72,89,115,0,0,14,195,0,0,14,195,1,199,111,168,100,0,0,0,126,73,68,65,84,88,71,237,144,177,13,128,48,12,4,25,61,59,101,2,102,96,7,214,48,122,58,196,131,148,20,23,23,142,116,41,222,126,233,228,45,34,150,98,67,18,27,146,220,95,107,45,104,94,2,251,113,90,122,239,54,23,179,179,18,200,41,160,2,197,240,5,190,158,102,174,35,254,102,37,144,83,64,5,138,156,23,112,139,162,4,48,1,21,40,114,94,192,45,138,18,192,4,84,160,24,190,128,203,197,236,172,4,114,10,208,60,4,86,98,67,18,27,114,196,118,1,99,119,223,153,19,206,183,61,0,0,0,0,73,69,78,68,174,66,96,130,,,,,,,,,,,,,,,,,,,,,,,,,,,,,,,,,,,,,,,,,,,,,,,,,,,,,,,,,,,,,,,,,,,,,,,,,,,,,,,,,,,,,,,,,,,,,,,,,,,,,,,,,,,,,,,,,,,,,,,,,,,,,,,,,,,,,,,
ReverseCell20.png,137,80,78,71,13,10,26,10,0,0,0,13,73,72,68,82,0,0,0,32,0,0,0,32,8,6,0,0,0,115,122,122,244,0,0,0,1,115,82,71,66,0,174,206,28,233,0,0,0,4,103,65,77,65,0,0,177,143,11,252,97,5,0,0,0,9,112,72,89,115,0,0,14,195,0,0,14,195,1,199,111,168,100,0,0,0,126,73,68,65,84,88,71,237,144,177,13,128,48,12,4,25,61,59,101,2,102,96,7,214,48,122,58,196,131,148,20,23,23,142,116,41,222,126,233,228,45,34,150,98,67,18,27,146,220,95,107,45,104,94,2,251,113,90,122,239,54,23,179,179,18,200,41,160,2,197,240,5,190,158,102,174,35,254,102,37,144,83,64,5,138,156,23,112,139,162,4,48,1,21,40,114,94,192,45,138,18,192,4,84,160,24,190,128,203,197,236,172,4,114,10,208,60,4,86,98,67,18,27,114,196,118,1,99,119,223,153,19,206,183,61,0,0,0,0,73,69,78,68,174,66,96,130,,,,,,,,,,,,,,,,,,,,,,,,,,,,,,,,,,,,,,,,,,,,,,,,,,,,,,,,,,,,,,,,,,,,,,,,,,,,,,,,,,,,,,,,,,,,,,,,,,,,,,,,,,,,,,,,,,,,,,,,,,,,,,,,,,,,,,,
SelectRow.png,137,80,78,71,13,10,26,10,0,0,0,13,73,72,68,82,0,0,0,32,0,0,0,32,8,6,0,0,0,115,122,122,244,0,0,0,1,115,82,71,66,0,174,206,28,233,0,0,0,4,103,65,77,65,0,0,177,143,11,252,97,5,0,0,0,9,112,72,89,115,0,0,14,195,0,0,14,195,1,199,111,168,100,0,0,0,124,73,68,65,84,88,71,237,144,193,9,192,48,12,3,51,186,119,202,4,157,161,59,116,13,7,149,126,74,228,143,31,138,31,22,92,41,50,130,35,195,221,143,66,75,37,180,84,242,126,204,204,213,108,2,81,230,156,223,223,158,236,173,5,106,10,96,160,162,230,11,68,105,1,153,0,6,42,168,192,117,63,20,12,88,15,178,183,22,168,41,128,129,10,42,16,5,131,40,217,91,11,212,20,192,64,69,205,23,136,210,2,50,1,53,63,129,147,208,82,9,45,117,248,88,161,204,127,80,118,255,1,104,0,0,0,0,73,69,78,68,174,66,96,130,,,,,,,,,,,,,,,,,,,,,,,,,,,,,,,,,,,,,,,,,,,,,,,,,,,,,,,,,,,,,,,,,,,,,,,,,,,,,,,,,,,,,,,,,,,,,,,,,,,,,,,,,,,,,,,,,,,,,,,,,,,,,,,,,,,,,,,,,
SelectRow16.png,137,80,78,71,13,10,26,10,0,0,0,13,73,72,68,82,0,0,0,32,0,0,0,32,8,6,0,0,0,115,122,122,244,0,0,0,1,115,82,71,66,0,174,206,28,233,0,0,0,4,103,65,77,65,0,0,177,143,11,252,97,5,0,0,0,9,112,72,89,115,0,0,14,195,0,0,14,195,1,199,111,168,100,0,0,0,124,73,68,65,84,88,71,237,144,193,9,192,48,12,3,51,186,119,202,4,157,161,59,116,13,7,149,126,74,228,143,31,138,31,22,92,41,50,130,35,195,221,143,66,75,37,180,84,242,126,204,204,213,108,2,81,230,156,223,223,158,236,173,5,106,10,96,160,162,230,11,68,105,1,153,0,6,42,168,192,117,63,20,12,88,15,178,183,22,168,41,128,129,10,42,16,5,131,40,217,91,11,212,20,192,64,69,205,23,136,210,2,50,1,53,63,129,147,208,82,9,45,117,248,88,161,204,127,80,118,255,1,104,0,0,0,0,73,69,78,68,174,66,96,130,,,,,,,,,,,,,,,,,,,,,,,,,,,,,,,,,,,,,,,,,,,,,,,,,,,,,,,,,,,,,,,,,,,,,,,,,,,,,,,,,,,,,,,,,,,,,,,,,,,,,,,,,,,,,,,,,,,,,,,,,,,,,,,,,,,,,,,,,
SelectRow20.png,137,80,78,71,13,10,26,10,0,0,0,13,73,72,68,82,0,0,0,32,0,0,0,32,8,6,0,0,0,115,122,122,244,0,0,0,1,115,82,71,66,0,174,206,28,233,0,0,0,4,103,65,77,65,0,0,177,143,11,252,97,5,0,0,0,9,112,72,89,115,0,0,14,195,0,0,14,195,1,199,111,168,100,0,0,0,124,73,68,65,84,88,71,237,144,193,9,192,48,12,3,51,186,119,202,4,157,161,59,116,13,7,149,126,74,228,143,31,138,31,22,92,41,50,130,35,195,221,143,66,75,37,180,84,242,126,204,204,213,108,2,81,230,156,223,223,158,236,173,5,106,10,96,160,162,230,11,68,105,1,153,0,6,42,168,192,117,63,20,12,88,15,178,183,22,168,41,128,129,10,42,16,5,131,40,217,91,11,212,20,192,64,69,205,23,136,210,2,50,1,53,63,129,147,208,82,9,45,117,248,88,161,204,127,80,118,255,1,104,0,0,0,0,73,69,78,68,174,66,96,130,,,,,,,,,,,,,,,,,,,,,,,,,,,,,,,,,,,,,,,,,,,,,,,,,,,,,,,,,,,,,,,,,,,,,,,,,,,,,,,,,,,,,,,,,,,,,,,,,,,,,,,,,,,,,,,,,,,,,,,,,,,,,,,,,,,,,,,,,
SelectCol.png,137,80,78,71,13,10,26,10,0,0,0,13,73,72,68,82,0,0,0,32,0,0,0,32,8,6,0,0,0,115,122,122,244,0,0,0,1,115,82,71,66,0,174,206,28,233,0,0,0,4,103,65,77,65,0,0,177,143,11,252,97,5,0,0,0,9,112,72,89,115,0,0,14,195,0,0,14,195,1,199,111,168,100,0,0,0,115,73,68,65,84,88,71,237,144,177,13,192,48,8,4,61,58,59,49,65,102,200,14,89,131,136,116,81,248,148,103,10,94,58,23,111,33,157,126,69,196,86,202,146,164,44,73,158,199,204,130,230,35,160,226,238,113,156,87,73,254,169,252,253,141,64,79,129,60,160,232,185,128,202,8,96,2,121,64,209,115,1,149,17,192,4,242,128,162,231,2,42,35,128,9,228,1,69,207,5,84,70,0,19,160,121,9,236,164,44,73,202,146,35,214,13,25,118,115,8,36,142,192,62,0,0,0,0,73,69,78,68,174,66,96,130,,,,,,,,,,,,,,,,,,,,,,,,,,,,,,,,,,,,,,,,,,,,,,,,,,,,,,,,,,,,,,,,,,,,,,,,,,,,,,,,,,,,,,,,,,,,,,,,,,,,,,,,,,,,,,,,,,,,,,,,,,,,,,,,,,,,,,,,,,,,,,,,,,
SelectCol16.png,137,80,78,71,13,10,26,10,0,0,0,13,73,72,68,82,0,0,0,32,0,0,0,32,8,6,0,0,0,115,122,122,244,0,0,0,1,115,82,71,66,0,174,206,28,233,0,0,0,4,103,65,77,65,0,0,177,143,11,252,97,5,0,0,0,9,112,72,89,115,0,0,14,195,0,0,14,195,1,199,111,168,100,0,0,0,115,73,68,65,84,88,71,237,144,177,13,192,48,8,4,61,58,59,49,65,102,200,14,89,131,136,116,81,248,148,103,10,94,58,23,111,33,157,126,69,196,86,202,146,164,44,73,158,199,204,130,230,35,160,226,238,113,156,87,73,254,169,252,253,141,64,79,129,60,160,232,185,128,202,8,96,2,121,64,209,115,1,149,17,192,4,242,128,162,231,2,42,35,128,9,228,1,69,207,5,84,70,0,19,160,121,9,236,164,44,73,202,146,35,214,13,25,118,115,8,36,142,192,62,0,0,0,0,73,69,78,68,174,66,96,130,,,,,,,,,,,,,,,,,,,,,,,,,,,,,,,,,,,,,,,,,,,,,,,,,,,,,,,,,,,,,,,,,,,,,,,,,,,,,,,,,,,,,,,,,,,,,,,,,,,,,,,,,,,,,,,,,,,,,,,,,,,,,,,,,,,,,,,,,,,,,,,,,,
SelectCol20.png,137,80,78,71,13,10,26,10,0,0,0,13,73,72,68,82,0,0,0,32,0,0,0,32,8,6,0,0,0,115,122,122,244,0,0,0,1,115,82,71,66,0,174,206,28,233,0,0,0,4,103,65,77,65,0,0,177,143,11,252,97,5,0,0,0,9,112,72,89,115,0,0,14,195,0,0,14,195,1,199,111,168,100,0,0,0,115,73,68,65,84,88,71,237,144,177,13,192,48,8,4,61,58,59,49,65,102,200,14,89,131,136,116,81,248,148,103,10,94,58,23,111,33,157,126,69,196,86,202,146,164,44,73,158,199,204,130,230,35,160,226,238,113,156,87,73,254,169,252,253,141,64,79,129,60,160,232,185,128,202,8,96,2,121,64,209,115,1,149,17,192,4,242,128,162,231,2,42,35,128,9,228,1,69,207,5,84,70,0,19,160,121,9,236,164,44,73,202,146,35,214,13,25,118,115,8,36,142,192,62,0,0,0,0,73,69,78,68,174,66,96,130,,,,,,,,,,,,,,,,,,,,,,,,,,,,,,,,,,,,,,,,,,,,,,,,,,,,,,,,,,,,,,,,,,,,,,,,,,,,,,,,,,,,,,,,,,,,,,,,,,,,,,,,,,,,,,,,,,,,,,,,,,,,,,,,,,,,,,,,,,,,,,,,,,
